<?xml version="1.0" encoding="UTF-8"?>
<!DOCTYPE mapper
  PUBLIC "-//mybatis.org//DTD Mapper 3.0//EN"
  "http://mybatis.org/dtd/mybatis-3-mapper.dtd">
<mapper namespace="com.telco.bnb.mapper.ManageMapper">

<!-- 예약에 성공하여 예약 관리에 넣기 -->
<insert id="manage" parameterType="java.util.Map"> 
	INSERT INTO reservation (
	 buyer_name,
	 title,
	 address,
	 price,
	 buyer_email,
	 buyer_tel,
	 su,
	 date
	 ) 
	 values 
	 ( 
	 #{buyer_name},
	 #{title},
	 #{address},
	 #{price},
	 #{buyer_email},
	 #{buyer_tel},
	 #{su},
	 #{date}
	  
	 ); 
</insert>

<select id="findRes" resultType="reser">
		select * from reservation where buyer_name=#{buyer_name} and buyer_email=#{buyer_email} and buyer_tel=#{buyer_tel}
</select>

<delete id="deleteRes" >
	delete from reservation where title=#{title} and date=#{date}
</delete>

<select id="findName" resultType="int">
		select count(*) from reservation where buyer_name = (SELECT NAME from user WHERE id =#{id});
</select>
	
</mapper>