<?xml version="1.0" encoding="UTF-8"?>
<!DOCTYPE mapper
  PUBLIC "-//mybatis.org//DTD Mapper 3.0//EN"
  "http://mybatis.org/dtd/mybatis-3-mapper.dtd">
<mapper namespace="com.telco.bnb.mapper.UserMapper">
	<!-- 회원가입 -->
	<insert id="register">
	    INSERT INTO user(   id 
	   					       , pwd 
	   					       , name
	   					       , email
	   					       , tel
	   					       , birth 	)
	                  VALUES(    #{id} 
	                 		   , #{pwd}
	                 		   , #{name}
	                 		   , #{email}
	                 		   , #{tel}
	                 		   , #{birth} )
    </insert>
   
    <!-- 아이디 유효성 검사 -->
	<select id="idChk" resultType="int">
		select
			count(*)
		from
			user
		where
			id = #{id}
	</select>   
    
    <!-- 로그인 -->
    <select id="getUser" resultType="user" >
    	SELECT id 
	   			, pwd 
	   			, name
	   			, email
	   			, tel
	   			, birth FROM user WHERE ID = #{id}
    							AND PWD = #{pwd}
    </select>
   
   
    <!-- 비밀번호 확인 -->
    <select id="getPwd" resultType="user" >
    	SELECT id 
	   			, pwd 
	   			, name
	   			, email
	   			, tel
	   			, birth FROM user WHERE ID = #{id}
    							AND PWD = #{pwd}
    </select>
    
    <!-- 아이디 찾기 -->
    <select id="findId" resultType="user">
		select * from user where name=#{name} and tel=#{tel}
	</select>
	
	<!-- 비밀번호 찾기 -->
	<select id="findPwd" resultType="user">
		select * from user where id=#{id} and name=#{name} and tel=#{tel}
	</select>
	
	<!-- 비밀번호 변경 -->
	<update id="updatePw" >
		update user set PWD = #{pwd} where id = #{id}
	</update>
	
</mapper>