<?xml version="1.0" encoding="UTF-8"?>
<!DOCTYPE mapper
  PUBLIC "-//mybatis.org//DTD Mapper 3.0//EN"
  "http://mybatis.org/dtd/mybatis-3-mapper.dtd">
<mapper namespace="com.telco.bnb.mapper.JejuMapper">
   
    <!--숙박 테이블에서 title,address로 검색했을 때 count 값 -->
	<select id="sukCountSearch" resultType="int">
		SELECT DISTINCT count(*) FROM sukbak WHERE title LIKE CONCAT('%', #{title}, '%') OR address LIKE CONCAT('%', #{address}, '%');
	</select>   
    
    <!-- 숙박 테이블에서 title,address로 검색을 했을 때 -->
    <select id="sukSearch" resultType="jeju" >
    	SELECT DISTINCT * FROM sukbak WHERE title LIKE CONCAT('%', #{title}, '%') OR address LIKE CONCAT('%', #{address}, '%');
    </select>
   
    <!-- 음식점 테이블에서 title,address로 검색했을 때 count 값 -->
	<select id="resCountSearch" resultType="int">
		SELECT DISTINCT count(*) FROM restaurant WHERE title LIKE '%'+#{title}+'%' OR address LIKE '%'+#{address}+'%';
	</select>   
    
    <!-- 음식점 테이블에서 title,address로 검색을 했을 때 -->
    <select id="resSearch" resultType="jeju" >
    	SELECT DISTINCT * FROM restaurant WHERE title LIKE '%'+#{title}+'%' OR address LIKE '%'+#{address}+'%';
    </select>
   
    <!-- 스팟 테이블에서 title,address로 검색했을 때 count 값 -->
	<select id="spotCountSearch" resultType="int">
		SELECT DISTINCT count(*) FROM spot WHERE title LIKE '%'+#{title}+'%' OR address LIKE '%'+#{address}+'%';
	</select>   
    
    <!-- 스팟 테이블에서 title,address로 검색을 했을 때 -->
    <select id="spotSearch" resultType="jeju" >
    	SELECT DISTINCT * FROM spot WHERE title LIKE '%'+#{title}+'%' OR address LIKE '%'+#{address}+'%';
    </select>
   
   
	
</mapper>