<?xml version="1.0" encoding="UTF-8"?>
<beans xmlns="http://www.springframework.org/schema/beans"
	xmlns:xsi="http://www.w3.org/2001/XMLSchema-instance"
	xmlns:aop="http://www.springframework.org/schema/aop"
	xmlns:context="http://www.springframework.org/schema/context"
	xmlns:jdbc="http://www.springframework.org/schema/jdbc"
	xmlns:mybatis-spring="http://mybatis.org/schema/mybatis-spring"
	xsi:schemaLocation="http://www.springframework.org/schema/jdbc http://www.springframework.org/schema/jdbc/spring-jdbc-4.3.xsd
		http://mybatis.org/schema/mybatis-spring http://mybatis.org/schema/mybatis-spring-1.2.xsd
		http://www.springframework.org/schema/beans https://www.springframework.org/schema/beans/spring-beans.xsd
		http://www.springframework.org/schema/context http://www.springframework.org/schema/context/spring-context-4.3.xsd
		http://www.springframework.org/schema/aop http://www.springframework.org/schema/aop/spring-aop-4.3.xsd">
	
	<!-- Root Context: defines shared resources visible to all other web components -->
	<!-- MariaDB JDBC DataSource -->
	<!-- <bean id="dataSource" class="org.springframework.jdbc.datasource.DriverManagerDataSource">
		<property name="driverClassName" value="org.mariadb.jdbc.Driver"/>
		<property name="url" value="jdbc:mariadb://localhost:3306/mydb"/>
		<property name="username" value="testuser" />
		<property name="password" value="1234" />
	</bean> --> 
	
	<bean id="dataSource" class="org.springframework.jdbc.datasource.DriverManagerDataSource">
		<property name="driverClassName" value="org.mariadb.jdbc.Driver"/>
		<property name="url" value="jdbc:mariadb://localhost:3307/test"/>
		<property name="username" value="root" />
		<property name="password" value="1234" />
	</bean>
	
	<!-- mybatis SqlSessionFactoryBean -->
	<bean id="sqlSessionFactory" class="org.mybatis.spring.SqlSessionFactoryBean">
		<property name="dataSource" ref="dataSource" />
		<property name="configLocation" value="classpath:/mybatis-config.xml" />
		<property name="mapperLocations" value="classpath:/mappers/**/*Mapper.xml" />
	</bean>	
	
	<!--mybatis scanner -->
	<!-- mapper package를 별도로 구성하고, mapper를 그 package에서 찾도록 하면 됨. -->
    <mybatis-spring:scan base-package="com.telco.bnb.mapper"/>
   
   	<!-- UserDao에 있는 sqlSession 객체 값 넣어주기 -> nullpointerException 사라짐 -->
    <bean id="sqlSession" class="org.mybatis.spring.SqlSessionTemplate">
		<constructor-arg index="0" ref="sqlSessionFactory" />
	</bean>
	
</beans>
