{
	"result": [
	
	
	{
      "데이터기준일자": "2018-12-31",
      "tourNm": "(유)U-호텔",
      "업종명": "숙박업(일반)",
      "mobileTelno": "064-746-8333",
      "adres": "제주특별자치도 제주시 연동9길 38"
    },
    {
      "데이터기준일자": "2018-12-31",
      "tourNm": "(주)KAL호텔네트워크 (서귀포KAL호텔)",
      "업종명": "숙박업(일반)",
      "mobileTelno": "064-733-2001",
      "adres": "제주특별자치도 서귀포시 칠십리로 242"
    },
    {
      "데이터기준일자": "2018-12-31",
      "tourNm": "(주)교원스위트호텔제주",
      "업종명": "숙박업(일반)",
      "mobileTelno": "064-738-3800",
      "adres": "제주특별자치도 서귀포시 중문관광로72번길 67"
    },
    {
      "데이터기준일자": "2018-12-31",
      "tourNm": "(주)꼬뜨도르가족호텔",
      "업종명": "숙박업(일반)",
      "mobileTelno": "064-782-0800",
      "adres": "제주특별자치도 제주시 구좌읍 일주동로 1724"
    },
    {
      "데이터기준일자": "2018-12-31",
      "tourNm": "(주)다인리조트",
      "업종명": "숙박업(일반)",
      "mobileTelno": "064-799-2600",
      "adres": "제주특별자치도 제주시 애월읍 애월해안로 400-9"
    },
    {
      "데이터기준일자": "2018-12-31",
      "tourNm": "(주)다인리조트투(2차)",
      "업종명": "숙박업(일반)",
      "mobileTelno": "064-799-2600",
      "adres": "제주특별자치도 제주시 애월읍 애월해안로 400-9"
    },
    {
      "데이터기준일자": "2018-12-31",
      "tourNm": "(주)라사니아캐슬리조트",
      "업종명": "숙박업(일반)",
      "mobileTelno": "064-784-6543",
      "adres": "제주특별자치도 서귀포시 성산읍 일주동로 5199"
    },
    {
      "데이터기준일자": "2018-12-31",
      "tourNm": "(주)레이크힐스리조트제주",
      "업종명": "숙박업(일반)",
      "mobileTelno": "064-738-8778",
      "adres": "제주특별자치도 서귀포시 존제로 24"
    },
    {
      "데이터기준일자": "2018-12-31",
      "tourNm": "(주)롯데호텔제주",
      "업종명": "숙박업(일반)",
      "mobileTelno": "064-731-1000",
      "adres": "제주특별자치도 서귀포시 중문관광로72번길 35"
    },
    {
      "데이터기준일자": "2018-12-31",
      "tourNm": "(주)베니키아호텔제주",
      "업종명": "숙박업(일반)",
      "mobileTelno": "064-799-3544",
      "adres": "제주특별자치도 제주시 애월읍 애월해안로 554-6"
    },
    {
      "데이터기준일자": "2018-12-31",
      "tourNm": "(주)블랙스톤리조트",
      "업종명": "숙박업(일반)",
      "mobileTelno": "064-795-2126",
      "adres": "제주특별자치도 제주시 한림읍 금악리 산54-1"
    },
    {
      "데이터기준일자": "2018-12-31",
      "tourNm": "(주)빌라드태윤",
      "업종명": "숙박업(생활)",
      "mobileTelno": "064-799-4001",
      "adres": "제주특별자치도 제주시 애월읍 애월해안로 516-7"
    },
    {
      "데이터기준일자": "2018-12-31",
      "tourNm": "(주)사조그랜드리조트",
      "업종명": "숙박업(일반)",
      "mobileTelno": "064-782-8600",
      "adres": "제주특별자치도 제주시 조천읍 일주동로 1616-7"
    },
    {
      "데이터기준일자": "2018-12-31",
      "tourNm": "(주)스위트메이서귀포",
      "업종명": "숙박업(일반)",
      "mobileTelno": "000-0000-0000",
      "adres": "제주특별자치도 서귀포시 김정문화로27번길 9-1"
    },
    {
      "데이터기준일자": "2018-12-31",
      "tourNm": "(주)아이미제주비치호텔",
      "업종명": "숙박업(생활)",
      "mobileTelno": "064-780-0000",
      "adres": "제주특별자치도 제주시 조천읍 조함해안로 474"
    },
    {
      "데이터기준일자": "2018-12-31",
      "tourNm": "(주)오션그랜드호텔",
      "업종명": "숙박업(일반)",
      "mobileTelno": "064-783-0007",
      "adres": "제주특별자치도 제주시 조천읍 조함해안로 490"
    },
    {
      "데이터기준일자": "2018-12-31",
      "tourNm": "(주)이랜드파크켄싱턴리조트제주한림점",
      "업종명": "숙박업(일반)",
      "mobileTelno": "064-796-9600",
      "adres": "제주특별자치도 제주시 한림읍 한림해안로 530"
    },
    {
      "데이터기준일자": "2018-12-31",
      "tourNm": "(주)이랜드파크한국콘도제주중문",
      "업종명": "숙박업(생활)",
      "mobileTelno": "064-738-9101",
      "adres": "제주특별자치도 서귀포시 중문관광로72번길 29-29"
    },
    {
      "데이터기준일자": "2018-12-31",
      "tourNm": "(주)일레인",
      "업종명": "숙박업(일반)",
      "mobileTelno": "064-738-2013",
      "adres": "제주특별자치도 서귀포시 일주서로 660"
    },
    {
      "데이터기준일자": "2018-12-31",
      "tourNm": "(주)칼호텔네트워크(제주KAL호텔)",
      "업종명": "숙박업(일반)",
      "mobileTelno": "064-720-6610",
      "adres": "제주특별자치도 제주시 중앙로 151"
    },
    {
      "데이터기준일자": "2018-12-31",
      "tourNm": "(주)캐슬렉스제주 휴양콘도미니엄",
      "업종명": "숙박업(일반)",
      "mobileTelno": "064-793-6622",
      "adres": "제주특별자치도 서귀포시 안덕면 평화로 1241"
    },
    {
      "데이터기준일자": "2018-12-31",
      "tourNm": "(주)타미우스골프앤빌리지",
      "업종명": "숙박업(일반)",
      "mobileTelno": "064-793-0707",
      "adres": "제주특별자치도 제주시 애월읍 화전길 201"
    },
    {
      "데이터기준일자": "2018-12-31",
      "tourNm": "(주)푸른콘도",
      "업종명": "숙박업(일반)",
      "mobileTelno": "064-796-0657",
      "adres": "제주특별자치도 제주시 한림읍 귀덕6길 146"
    },
    {
      "데이터기준일자": "2018-12-31",
      "tourNm": "(주)한국폴로컨트리클럽",
      "업종명": "숙박업(일반)",
      "mobileTelno": "064-784-9000",
      "adres": "제주특별자치도 제주시 구좌읍 월행남길 322-30"
    },
    {
      "데이터기준일자": "2018-12-31",
      "tourNm": "(주)호텔롯데 롯데리조트제주",
      "업종명": "숙박업(생활)",
      "mobileTelno": "064-731-9105",
      "adres": "제주특별자치도 서귀포시 색달중앙로252번길 124"
    },
    {
      "데이터기준일자": "2018-12-31",
      "tourNm": "(주)호텔샬롬",
      "업종명": "숙박업(일반)",
      "mobileTelno": "064-720-7700",
      "adres": "제주특별자치도 제주시 동광로 34"
    },
    {
      "데이터기준일자": "2018-12-31",
      "tourNm": "(주)호텔샹그릴라",
      "업종명": "숙박업(일반)",
      "mobileTelno": "064-726-0061",
      "adres": "제주특별자치도 제주시 노형로 79"
    },
    {
      "데이터기준일자": "2018-12-31",
      "tourNm": "(주)호텔알리앙스",
      "업종명": "숙박업(생활)",
      "mobileTelno": "064-712-3200",
      "adres": "제주특별자치도 제주시 서해안로 380"
    },
    {
      "데이터기준일자": "2018-12-31",
      "tourNm": "(주)호텔알리앙스",
      "업종명": "숙박업(일반)",
      "mobileTelno": "064-799-2345",
      "adres": "제주특별자치도 제주시 애월읍 곽지1길 23"
    },
    {
      "데이터기준일자": "2018-12-31",
      "tourNm": "(주)호텔앤리조트 올레리조트",
      "업종명": "숙박업(일반)",
      "mobileTelno": "064-799-7770",
      "adres": "제주특별자치도 제주시 애월읍 부룡수길 33"
    },
    {
      "데이터기준일자": "2018-12-31",
      "tourNm": "(주)호텔하나",
      "업종명": "숙박업(일반)",
      "mobileTelno": "064-738-7001",
      "adres": "제주특별자치도 서귀포시 중문관광로72번길 53"
    },
    {
      "데이터기준일자": "2018-12-31",
      "tourNm": "1밀리미터모텔",
      "업종명": "숙박업(일반)",
      "mobileTelno": "064-753-5816",
      "adres": "제주특별자치도 제주시 서광로2길 1"
    },
    {
      "데이터기준일자": "2018-12-31",
      "tourNm": "3번지여인숙",
      "업종명": "숙박업(일반)",
      "mobileTelno": "064-762-8244",
      "adres": "제주특별자치도 서귀포시 중앙로59번길 11"
    },
    {
      "데이터기준일자": "2018-12-31",
      "tourNm": "H.Y.초이호스텔",
      "업종명": "숙박업(일반)",
      "mobileTelno": "064-732-3070",
      "adres": "제주특별자치도 서귀포시 태평로335번길 11-1"
    },
    {
      "데이터기준일자": "2018-12-31",
      "tourNm": "HOTEL이디",
      "업종명": "숙박업(생활)",
      "mobileTelno": "064-764-5567",
      "adres": "제주특별자치도 서귀포시 남원읍 태위로 690-3"
    },
    {
      "데이터기준일자": "2018-12-31",
      "tourNm": "J두빛나래 리조트",
      "업종명": "숙박업(생활)",
      "mobileTelno": "064-792-0045",
      "adres": "제주특별자치도 서귀포시 안덕면 사계북로 109"
    },
    {
      "데이터기준일자": "2018-12-31",
      "tourNm": "K두빛나래리조트",
      "업종명": "숙박업(생활)",
      "mobileTelno": "064-792-0045",
      "adres": "제주특별자치도 서귀포시 안덕면 사계북로 107"
    },
    {
      "데이터기준일자": "2018-12-31",
      "tourNm": "가고팡",
      "업종명": "숙박업(생활)",
      "mobileTelno": "000-0000-0000",
      "adres": "제주특별자치도 제주시 광양8길 4"
    },
    {
      "데이터기준일자": "2018-12-31",
      "tourNm": "가산토방호스텔",
      "업종명": "숙박업(일반)",
      "mobileTelno": "064-732-2095",
      "adres": "제주특별자치도 서귀포시 인정오름로86번길 3"
    },
    {
      "데이터기준일자": "2018-12-31",
      "tourNm": "가완모텔",
      "업종명": "숙박업(일반)",
      "mobileTelno": "064-724-6888",
      "adres": "제주특별자치도 제주시 만덕로6길 31"
    },
    {
      "데이터기준일자": "2018-12-31",
      "tourNm": "가이아 호텔",
      "업종명": "숙박업(일반)",
      "mobileTelno": "064-742-6110",
      "adres": "제주특별자치도 제주시 연동7길 4"
    },
    {
      "데이터기준일자": "2018-12-31",
      "tourNm": "가파도하우스2",
      "업종명": "숙박업(일반)",
      "mobileTelno": "000-0000-0000",
      "adres": "제주특별자치도 서귀포시 대정읍 가파로67번길 9-4"
    },
    {
      "데이터기준일자": "2018-12-31",
      "tourNm": "간세",
      "업종명": "숙박업(일반)",
      "mobileTelno": "064-713-0706",
      "adres": "제주특별자치도 제주시 서광로 278"
    },
    {
      "데이터기준일자": "2018-12-31",
      "tourNm": "감귤향기",
      "업종명": "숙박업(생활)",
      "mobileTelno": "000-0000-0000",
      "adres": "제주특별자치도 제주시 한경면 금등대안1길 81"
    },
    {
      "데이터기준일자": "2018-12-31",
      "tourNm": "강남여인숙",
      "업종명": "숙박업(일반)",
      "mobileTelno": "064-762-4075",
      "adres": "제주특별자치도 서귀포시 서문로38번길 6"
    },
    {
      "데이터기준일자": "2018-12-31",
      "tourNm": "개성",
      "업종명": "숙박업(일반)",
      "mobileTelno": "064-757-2401",
      "adres": "제주특별자치도 제주시 동광로21길 2"
    },
    {
      "데이터기준일자": "2018-12-31",
      "tourNm": "갤러리호텔비",
      "업종명": "숙박업(일반)",
      "mobileTelno": "064-747-6565",
      "adres": "제주특별자치도 제주시 신대로12길 16"
    },
    {
      "데이터기준일자": "2018-12-31",
      "tourNm": "갤러리호텔비앤비",
      "업종명": "숙박업(일반)",
      "mobileTelno": "064-748-1185",
      "adres": "제주특별자치도 제주시 삼무로3길 48"
    },
    {
      "데이터기준일자": "2018-12-31",
      "tourNm": "건축학개론",
      "업종명": "숙박업(생활)",
      "mobileTelno": "064-784-0007",
      "adres": "제주특별자치도 서귀포시 성산읍 신풍하동로 224-33"
    },
    {
      "데이터기준일자": "2018-12-31",
      "tourNm": "검멀레리조트",
      "업종명": "숙박업(일반)",
      "mobileTelno": "064-784-8382",
      "adres": "제주특별자치도 제주시 우도면 우도해안길 1128"
    },
    {
      "데이터기준일자": "2018-12-31",
      "tourNm": "게스트하우스 레인보우인제주",
      "업종명": "숙박업(일반)",
      "mobileTelno": "070-7635-0075",
      "adres": "제주특별자치도 제주시 광양1길 6"
    },
    {
      "데이터기준일자": "2018-12-31",
      "tourNm": "게스트하우스 옐로우",
      "업종명": "숙박업(일반)",
      "mobileTelno": "070-7648-0907",
      "adres": "제주특별자치도 제주시 관덕로15길 4"
    },
    {
      "데이터기준일자": "2018-12-31",
      "tourNm": "경성",
      "업종명": "숙박업(일반)",
      "mobileTelno": "064-757-2568",
      "adres": "제주특별자치도 제주시 서사로 168"
    },
    {
      "데이터기준일자": "2018-12-31",
      "tourNm": "경원모텔",
      "업종명": "숙박업(일반)",
      "mobileTelno": "064-733-3338",
      "adres": "제주특별자치도 서귀포시 중정로 19-6"
    },
    {
      "데이터기준일자": "2018-12-31",
      "tourNm": "계씨하우스",
      "업종명": "숙박업(일반)",
      "mobileTelno": "000-0000-0000",
      "adres": "제주특별자치도 제주시 애월읍 금성1길 29-1"
    },
    {
      "데이터기준일자": "2018-12-31",
      "tourNm": "고성2119",
      "업종명": "숙박업(생활)",
      "mobileTelno": "000-0000-0000",
      "adres": "제주특별자치도 서귀포시 성산읍 서성일로1136번길 14"
    },
    {
      "데이터기준일자": "2018-12-31",
      "tourNm": "고스트하우스",
      "업종명": "숙박업(일반)",
      "mobileTelno": "064-799-6001",
      "adres": "제주특별자치도 제주시 애월읍 부룡수길 35-12"
    },
    {
      "데이터기준일자": "2018-12-31",
      "tourNm": "고투베드",
      "업종명": "숙박업(일반)",
      "mobileTelno": "064-783-9355",
      "adres": "제주특별자치도 서귀포시 성산읍 서성일로 660"
    },
    {
      "데이터기준일자": "2018-12-31",
      "tourNm": "골드원호텔",
      "업종명": "숙박업(일반)",
      "mobileTelno": "064-801-5000",
      "adres": "제주특별자치도 서귀포시 이어도로 1032"
    },
    {
      "데이터기준일자": "2018-12-31",
      "tourNm": "골든튤립제주성산호텔",
      "업종명": "숙박업(일반)",
      "mobileTelno": "064-744-7500",
      "adres": "제주특별자치도 서귀포시 성산읍 일출로 31"
    },
    {
      "데이터기준일자": "2018-12-31",
      "tourNm": "골든파크호텔",
      "업종명": "숙박업(일반)",
      "mobileTelno": "064-752-5820",
      "adres": "제주특별자치도 제주시 서광로2길 9"
    },
    {
      "데이터기준일자": "2018-12-31",
      "tourNm": "관덕",
      "업종명": "숙박업(일반)",
      "mobileTelno": "064-757-1661",
      "adres": "제주특별자치도 제주시 관덕로 34-3"
    },
    {
      "데이터기준일자": "2018-12-31",
      "tourNm": "광령호텔",
      "업종명": "숙박업(일반)",
      "mobileTelno": "064-745-5576",
      "adres": "제주특별자치도 제주시 애월읍 하광로 289"
    },
    {
      "데이터기준일자": "2018-12-31",
      "tourNm": "광명",
      "업종명": "숙박업(일반)",
      "mobileTelno": "064-753-1659",
      "adres": "제주특별자치도 제주시 중앙로 186-2"
    },
    {
      "데이터기준일자": "2018-12-31",
      "tourNm": "광성",
      "업종명": "숙박업(일반)",
      "mobileTelno": "064-758-7755",
      "adres": "제주특별자치도 제주시 서광로29길 26"
    },
    {
      "데이터기준일자": "2018-12-31",
      "tourNm": "교래텔",
      "업종명": "숙박업(일반)",
      "mobileTelno": "064-782-5855",
      "adres": "제주특별자치도 제주시 조천읍 남조로 1772-39"
    },
    {
      "데이터기준일자": "2018-12-31",
      "tourNm": "구덕게스트",
      "업종명": "숙박업(생활)",
      "mobileTelno": "064-763-2380",
      "adres": "제주특별자치도 서귀포시 솔동산로22번길 20"
    },
    {
      "데이터기준일자": "2018-12-31",
      "tourNm": "국도",
      "업종명": "숙박업(일반)",
      "mobileTelno": "064-742-9271",
      "adres": "제주특별자치도 제주시 삼무로 82"
    },
    {
      "데이터기준일자": "2018-12-31",
      "tourNm": "국보",
      "업종명": "숙박업(일반)",
      "mobileTelno": "064-722-4031",
      "adres": "제주특별자치도 제주시 고마로1길 1-1"
    },
    {
      "데이터기준일자": "2018-12-31",
      "tourNm": "국일",
      "업종명": "숙박업(일반)",
      "mobileTelno": "064-753-5050",
      "adres": "제주특별자치도 제주시 서사로17길 2"
    },
    {
      "데이터기준일자": "2018-12-31",
      "tourNm": "국제호텔",
      "업종명": "숙박업(일반)",
      "mobileTelno": "064-748-4988",
      "adres": "제주특별자치도 제주시 연동1길 8"
    },
    {
      "데이터기준일자": "2018-12-31",
      "tourNm": "굿나잇",
      "업종명": "숙박업(일반)",
      "mobileTelno": "064-724-3838",
      "adres": "제주특별자치도 제주시 관덕로7길 38"
    },
    {
      "데이터기준일자": "2018-12-31",
      "tourNm": "궁무인텔",
      "업종명": "숙박업(일반)",
      "mobileTelno": "064-753-0980",
      "adres": "제주특별자치도 제주시 서광로29길 2"
    },
    {
      "데이터기준일자": "2018-12-31",
      "tourNm": "궁전",
      "업종명": "숙박업(일반)",
      "mobileTelno": "064-758-5520",
      "adres": "제주특별자치도 제주시 동광로17길 30-1"
    },
    {
      "데이터기준일자": "2018-12-31",
      "tourNm": "귀락여관",
      "업종명": "숙박업(일반)",
      "mobileTelno": "064-733-5666",
      "adres": "제주특별자치도 서귀포시 서문서로 10"
    },
    {
      "데이터기준일자": "2018-12-31",
      "tourNm": "귀빈",
      "업종명": "숙박업(일반)",
      "mobileTelno": "064-742-6682",
      "adres": "제주특별자치도 제주시 제원1길 20"
    },
    {
      "데이터기준일자": "2018-12-31",
      "tourNm": "그라벨호텔제주",
      "업종명": "숙박업(일반)",
      "mobileTelno": "064-740-8010",
      "adres": "제주특별자치도 제주시 일주서로 7316"
    },
    {
      "데이터기준일자": "2018-12-31",
      "tourNm": "그랑부르",
      "업종명": "숙박업(일반)",
      "mobileTelno": "064-792-5567",
      "adres": "제주특별자치도 서귀포시 안덕면 사계남로153번길 10"
    },
    {
      "데이터기준일자": "2018-12-31",
      "tourNm": "그랑빌 가족호텔",
      "업종명": "숙박업(생활)",
      "mobileTelno": "064-739-9994",
      "adres": "제주특별자치도 서귀포시 중문관광로 17"
    },
    {
      "데이터기준일자": "2018-12-31",
      "tourNm": "그래",
      "업종명": "숙박업(생활)",
      "mobileTelno": "070-8866-6623",
      "adres": "제주특별자치도 제주시 구좌읍 덕행로 165-2"
    }
	
	
	
	
	
	],
	"pageIndex": 1,
	"pageUnit": 10,
	"totalCount": 141,
	"searchCnd": "all",
	"searchKrwd": "",
	"status": "OK"
}