{
	"result": [
	
	
	 {
      "roomInfo": "40",
      "구분": "관광호텔",
      "데이터기준일": "2015-08-30",
      "부대시설": "세미나실, 조식식당",
      "adres": "전주시 완산구 전주객사5길 44-5",
      "tourNm": "전주호텔한성",
      "연번": "1",
      "mobileTelno": "063-288-0014",
      "주변관광지": "주변 관광지: 전주객사, 영화의 거리, 한옥마을",
      "홈페이지": "hansunghotel.alltheway.kr"
    },
    {
      "roomInfo": "35",
      "구분": "관광호텔",
      "데이터기준일": "2015-08-30",
      "부대시설": "세미나룸, 브랙퍼스트바",
      "adres": "전주시 덕진구 전주천동로 501",
      "tourNm": "화이트관광호텔",
      "연번": "2",
      "mobileTelno": "063-271-0123",
      "주변관광지": "주변 관광지: 전주한옥마을, 덕진공원",
      "홈페이지": "whitehotel.kr"
    },
    {
      "roomInfo": "30",
      "구분": "관광호텔",
      "데이터기준일": "2015-08-30",
      "부대시설": "세미나룸, 비즈니스룸, 한식당",
      "adres": "전주시 덕진구 용산1길 17-4",
      "tourNm": "궁관광호텔",
      "연번": "3",
      "mobileTelno": "063-255-3311",
      "주변관광지": "주변 관광지: 전주한옥마을, 덕진공원",
      "홈페이지": "www.jjgung.co.kr"
    },
    {
      "roomInfo": "63",
      "구분": "관광호텔",
      "데이터기준일": "2015-08-30",
      "부대시설": "연회장, 커피숍, 인터넷센터",
      "adres": "전주시 완산구 객사2길 45-7",
      "tourNm": "풍남관광호텔",
      "연번": "4",
      "mobileTelno": "063-231-7900",
      "주변관광지": "주변 관광지: 전주한옥마을, 전주객사, 영화의 거리",
      "홈페이지": "www.pungnamhotel.com"
    },
    {
      "roomInfo": "46",
      "구분": "관광호텔",
      "데이터기준일": "2015-08-30",
      "부대시설": "웨딩홀, 연회장, 건식사우나실",
      "adres": "전주시 완산구 객사5길 44-5",
      "tourNm": "전주관광호텔",
      "연번": "5",
      "mobileTelno": "063-280-7700",
      "주변관광지": "주변 관광지: 전주하옥마을, 전동성당, 남부시장",
      "홈페이지": "jeonjuhotel.co.kr"
    },
    {
      "roomInfo": "40",
      "구분": "관광호텔",
      "데이터기준일": "2015-08-30",
      "부대시설": "비즈니스실, 휴게실",
      "adres": "군산시 부곡3길 6",
      "tourNm": "해뜨는언덕 관광호텔",
      "연번": "6",
      "mobileTelno": "063-468-0707",
      "주변관광지": "주변 관광지: 군산근대역사박물관, 새만금방조제",
      "홈페이지": "www.fmotel.co.kr"
    },
    {
      "roomInfo": "35",
      "구분": "관광호텔",
      "데이터기준일": "2015-08-30",
      "부대시설": "마사지실, 식음료장, 바베큐장, 노래연습장",
      "adres": "부안군 변산면 채석강길 33",
      "tourNm": "채석강스타힐스 호텔",
      "연번": "7",
      "mobileTelno": "063-581-9911",
      "주변관광지": "주변 관광지: 채석강, 내소사, 부안영상테마파크",
      "홈페이지": "www.starhillshotel.com"
    },
    {
      "roomInfo": "32",
      "구분": "굿스테이",
      "데이터기준일": "2015-08-30",
      "부대시설": "",
      "adres": "전주시 덕진구 송천중앙로 12-4",
      "tourNm": "라뉘호텔",
      "연번": "8",
      "mobileTelno": "063-253-5707",
      "주변관광지": "주변 관광지: 전주덕진공원, 전주한옥마을",
      "홈페이지": "www.lanuit.co.kr"
    },
    {
      "roomInfo": "32",
      "구분": "굿스테이",
      "데이터기준일": "2015-08-30",
      "부대시설": "",
      "adres": "전주시 덕진구 산정2길 23",
      "tourNm": "르시엘호텔",
      "연번": "9",
      "mobileTelno": "063-245-4848",
      "주변관광지": "주변 관광지: 전주한옥마을, 전주덕진공원",
      "홈페이지": "www.lecielhotel.co.kr"
    },
    {
      "roomInfo": "32",
      "구분": "굿스테이",
      "데이터기준일": "2015-08-30",
      "부대시설": "세미나실, 비즈니스실",
      "adres": "전주시 덕진구 용산2길 17-6",
      "tourNm": "아리랑호텔",
      "연번": "10",
      "mobileTelno": "063-273-4193",
      "주변관광지": "주변 관광지: 전주덕진공원, 전주한옥마을, 동물원",
      "홈페이지": "www.jj-arirang.co.kr"
    },
    {
      "roomInfo": "33",
      "구분": "굿스테이",
      "데이터기준일": "2015-08-30",
      "부대시설": "비즈니스센터",
      "adres": "전주시 덕진구 산정1길 12-4",
      "tourNm": "카멜리아",
      "연번": "11",
      "mobileTelno": "063-243-9900",
      "주변관광지": "주변 관광지: 전주한옥마을, 전주덕진공원, 동물원",
      "홈페이지": "www.camelliahotel.kr"
    },
    {
      "roomInfo": "32",
      "구분": "굿스테이",
      "데이터기준일": "2015-08-30",
      "부대시설": "",
      "adres": "전주시 덕진구 산정2길 6-4",
      "tourNm": "호텔린하우스",
      "연번": "12",
      "mobileTelno": "063-244-5585",
      "주변관광지": "주변 관광지: 전주한옥마을, 전주동물원, 전주덕진공원",
      "홈페이지": "www.hotellynn.kr"
    },
    {
      "roomInfo": "32",
      "구분": "굿스테이",
      "데이터기준일": "2015-08-30",
      "부대시설": "",
      "adres": "전주시 덕진구 산정2길 31",
      "tourNm": "전주호텔",
      "연번": "13",
      "mobileTelno": "063-247-3333",
      "주변관광지": "주변 관광지: 전주한옥마을, 전주동물원, 전주덕진공원",
      "홈페이지": "hoteljeonju.com"
    },
    {
      "roomInfo": "33",
      "구분": "굿스테이",
      "데이터기준일": "2015-08-30",
      "부대시설": "파티장, 휴게실, 골프연습실, 당구장",
      "adres": "군산시 옥서면 선연길 17",
      "tourNm": "웨스턴호텔",
      "연번": "14",
      "mobileTelno": "063-471-0715",
      "주변관광지": "주변 관광지: 군산근대역사박물관, 새만금방조제",
      "홈페이지": "www.western-inn.kr"
    },
    {
      "roomInfo": "40",
      "구분": "굿스테이",
      "데이터기준일": "2015-08-30",
      "부대시설": "",
      "adres": "군산시 가도2길 9",
      "tourNm": "프로방스",
      "연번": "15",
      "mobileTelno": "063-466-3201",
      "주변관광지": "주변 관광지: 군산근대역사박물관, 새만금방조제",
      "홈페이지": "www.probangs.co.kr"
    },
    {
      "roomInfo": "48",
      "구분": "굿스테이",
      "데이터기준일": "2015-08-30",
      "부대시설": "사우나실",
      "adres": "군산시 장미1길 21",
      "tourNm": "군산뉴그랜드모텔",
      "연번": "16",
      "mobileTelno": "063-446-4397",
      "주변관광지": "주변 관광지: 군산근대역사박물관, 이성당 빵집, 일본식가옥",
      "홈페이지": "blog.naver.com/newgrand1"
    },
    {
      "roomInfo": "32",
      "구분": "굿스테이",
      "데이터기준일": "2015-08-30",
      "부대시설": "세미나실, 한식당, 매점",
      "adres": "익산시 왕궁면 온천길 38",
      "tourNm": "왕궁온천장",
      "연번": "17",
      "mobileTelno": "063-291-5000",
      "주변관광지": "주변 관광지: 미륵사지, 귀금속보석단지",
      "홈페이지": "www.wgspa.co.kr"
    },
    {
      "roomInfo": "34",
      "구분": "굿스테이",
      "데이터기준일": "2015-08-30",
      "부대시설": "세미나실",
      "adres": "정읍시 내장산로 937",
      "tourNm": "세르빌호텔",
      "연번": "18",
      "mobileTelno": "063-538-9487",
      "주변관광지": "주변 관광지: 내장산워터파크, 칠보 물테마유원지",
      "홈페이지": "www.내장산펜션.kr"
    },
    {
      "roomInfo": "31",
      "구분": "굿스테이",
      "데이터기준일": "2015-08-30",
      "부대시설": "식음료장",
      "adres": "정읍시 태인면 태성리 152",
      "tourNm": "산정호텔",
      "연번": "19",
      "mobileTelno": "063-534-4222",
      "주변관광지": "주변 관광지: 내장산국립공원, 동학농민혁명기념관",
      "홈페이지": ""
    },
    {
      "roomInfo": "36",
      "구분": "굿스테이",
      "데이터기준일": "2015-08-30",
      "부대시설": "세미나실, 카페테리아, 노래방",
      "adres": "남원시 산내면 지리산로 815",
      "tourNm": "지리산칸호텔(구 지리산파크텔)",
      "연번": "20",
      "mobileTelno": "063-626-2114",
      "주변관광지": "주변 관광지: 지리산 뱀사골, 실상사, 달궁계곡, 노고단",
      "홈페이지": "www.jirisankhanhotel.com"
    },
    {
      "roomInfo": "33",
      "구분": "굿스테이",
      "데이터기준일": "2015-08-30",
      "부대시설": "사우나실",
      "adres": "남원시 용성로 112-1",
      "tourNm": "남원 한일파크",
      "연번": "21",
      "mobileTelno": "063-632-8462",
      "주변관광지": "주변 관광지: 춘향테마파크, 광한루",
      "홈페이지": ""
    },
    {
      "roomInfo": "36",
      "구분": "굿스테이",
      "데이터기준일": "2015-08-30",
      "부대시설": "연회실, 한옥정자",
      "adres": "남원시 주천면 정령치로 122-11",
      "tourNm": "남원호텔",
      "연번": "22",
      "mobileTelno": "063-626-8551",
      "주변관광지": "주변 관광지: 지리산둘레길, 광한루, 산수유축제",
      "홈페이지": "www.namwonhotel.com"
    },
    {
      "roomInfo": "30",
      "구분": "굿스테이",
      "데이터기준일": "2015-08-30",
      "부대시설": "식음료장",
      "adres": "진안군 진안읍 마이산로 263",
      "tourNm": "마이산콘도빌(구 마이산모텔)",
      "연번": "23",
      "mobileTelno": "063-432-4201",
      "주변관광지": "주변 관광지: 마이산, 진안홍삼",
      "홈페이지": "마이산펜션.kr"
    },
    {
      "roomInfo": "50",
      "구분": "굿스테이",
      "데이터기준일": "2015-08-30",
      "부대시설": "",
      "adres": "무주군 무주읍 한풍루로 381-7",
      "tourNm": "무주이리스모텔",
      "연번": "24",
      "mobileTelno": "063-324-3400",
      "주변관광지": "주변 관광지: 무주 반딧불 축제, 무주 전통공예테마파크, ",
      "홈페이지": ""
    },
    {
      "roomInfo": "30",
      "구분": "굿스테이",
      "데이터기준일": "2015-08-30",
      "부대시설": "식당, 사우나, 다목적실",
      "adres": "장수군 번암면 장수로 673-14",
      "tourNm": "장수온천호텔",
      "연번": "25",
      "mobileTelno": "063-353-5555",
      "주변관광지": "주변 관광지: 덕유산국립공원, 방화동자연휴양림, 장안산",
      "홈페이지": "www.jangsuhotel.com"
    },
    {
      "roomInfo": "36",
      "구분": "굿스테이",
      "데이터기준일": "2015-08-30",
      "부대시설": "",
      "adres": "순창군 순창읍 순창로 222",
      "tourNm": "영빈호텔",
      "연번": "26",
      "mobileTelno": "063-653-6060",
      "주변관광지": "주변 관광지: 강천산, 회문산, 고추장 민속마을, 섬진강향가유원지",
      "홈페이지": ""
    },
    {
      "roomInfo": "30",
      "구분": "굿스테이",
      "데이터기준일": "2015-08-30",
      "부대시설": "비즈니스센터",
      "adres": "순창군 순창읍 옥천로 33",
      "tourNm": "S모텔",
      "연번": "27",
      "mobileTelno": "063-653-3960",
      "주변관광지": "주변 관광지: 강천산, 회문산, 고추장 민속마을, 섬진강향가유원지",
      "홈페이지": ""
    },
    {
      "roomInfo": "30",
      "구분": "굿스테이",
      "데이터기준일": "2015-08-30",
      "부대시설": "식음료장",
      "adres": "부안군 변산면 격포로 196",
      "tourNm": "채석리조텔오크빌",
      "연번": "28",
      "mobileTelno": "063-583-8046",
      "주변관광지": "주변 관광지: 내소사, 개암사, 낙조대, 직소폭포, 변산해수욕장",
      "홈페이지": "www.csr063.co.kr"
    },
    {
      "roomInfo": "33",
      "구분": "굿스테이",
      "데이터기준일": "2015-08-30",
      "부대시설": "",
      "adres": "부안군 부안읍 석정로 199-4",
      "tourNm": "샤르모텔",
      "연번": "29",
      "mobileTelno": "063-584-9931",
      "주변관광지": "주변 관광지: 채석강, 내소사, 부안영상테마파크",
      "홈페이지": ""
    },
    {
      "roomInfo": "31",
      "구분": "굿스테이",
      "데이터기준일": "2016-07-29",
      "부대시설": "",
      "adres": "진안군 진안읍 진무로 1100-6",
      "tourNm": "진안장여관",
      "연번": "30",
      "mobileTelno": "063-433-6776",
      "주변관광지": "주변 관광지: 마이산, 진안홍삼, 운일암 반일암, 풍혈냉천",
      "홈페이지": ""
    },
    {
      "roomInfo": "37",
      "구분": "굿스테이",
      "데이터기준일": "2016-07-29",
      "부대시설": "",
      "adres": "군산시 조촌1길 21",
      "tourNm": "파라다이스모텔",
      "연번": "31",
      "mobileTelno": "063-452-3388",
      "주변관광지": "주변 관광지: 경암동 철길마을, 근대역사박물관, 동국사 등",
      "홈페이지": ""
    },
    {
      "roomInfo": "32",
      "구분": "굿스테이",
      "데이터기준일": "2016-07-29",
      "부대시설": "",
      "adres": "남원시 옥정5길 12-8",
      "tourNm": "로망스모텔",
      "연번": "32",
      "mobileTelno": "063-631-2536",
      "주변관광지": "주변 관광지: 춘향테마파크, 광한루",
      "홈페이지": ""
    },
    {
      "roomInfo": "30",
      "구분": "굿스테이",
      "데이터기준일": "2016-07-29",
      "부대시설": "",
      "adres": "남원시 향교동 177",
      "tourNm": "발리모텔",
      "연번": "33",
      "mobileTelno": "063-625-7801",
      "주변관광지": "주변 관광지: 춘향테마파크, 광한루",
      "홈페이지": ""
    },
    
     {
      "데이터기준일자": "2017-12-11",
      "등급": "녹색",
      "adres": "전라북도 고창군 고창읍 보릿골로 125",
      "tourNm": "탑모텔",
      "업종": "숙박업(일반)",
      "연번": "1"
    },
    {
      "데이터기준일자": "2017-12-11",
      "등급": "녹색",
      "adres": "전라북도 고창군 고창읍 성산8길 4",
      "tourNm": "뉴프린스관광모텔",
      "업종": "숙박업(일반)",
      "연번": "2"
    },
    {
      "데이터기준일자": "2017-12-11",
      "등급": "녹색",
      "adres": "전라북도 고창군 고창읍 방장로 12",
      "tourNm": "호텔석정힐",
      "업종": "숙박업(일반)",
      "연번": "3"
    },
    {
      "데이터기준일자": "2017-12-11",
      "등급": "녹색",
      "adres": "전라북도 고창군 고창읍 월곡6길 6",
      "tourNm": "아리랑모텔",
      "업종": "숙박업(일반)",
      "연번": "4"
    },
    {
      "데이터기준일자": "2017-12-11",
      "등급": "녹색",
      "adres": "전라북도 고창군 고창읍 월암수월길 112",
      "tourNm": "넥스텔 여관",
      "업종": "숙박업(일반)",
      "연번": "5"
    },
    {
      "데이터기준일자": "2017-12-11",
      "등급": "녹색",
      "adres": "전라북도 고창군 고창읍 중앙로 331",
      "tourNm": "모양성모텔",
      "업종": "숙박업(일반)",
      "연번": "6"
    },
    {
      "데이터기준일자": "2017-12-11",
      "등급": "녹색",
      "adres": "전라북도 고창군 고창읍 성산2길 3",
      "tourNm": "태흥여관",
      "업종": "숙박업(일반)",
      "연번": "7"
    },
    {
      "데이터기준일자": "2017-12-11",
      "등급": "녹색",
      "adres": "전라북도 고창군 흥덕면 부안로 27",
      "tourNm": "꿈의궁전",
      "업종": "숙박업(일반)",
      "연번": "8"
    },
    {
      "데이터기준일자": "2017-12-11",
      "등급": "녹색",
      "adres": "전라북도 고창군 고창읍 석정2로 207-45",
      "tourNm": "석정힐링카운티 3동",
      "업종": "숙박업(생활)",
      "연번": "9"
    },
    {
      "데이터기준일자": "2017-12-11",
      "등급": "녹색",
      "adres": "전라북도 고창군 고창읍 석정2로 207-47",
      "tourNm": "석정힐링카운티 2동",
      "업종": "숙박업(생활)",
      "연번": "10"
    },
    {
      "데이터기준일자": "2017-12-11",
      "등급": "녹색",
      "adres": "전라북도 고창군 고창읍 석정2로 233-37",
      "tourNm": "석정힐링카운티 16동",
      "업종": "숙박업(생활)",
      "연번": "11"
    },
    {
      "데이터기준일자": "2017-12-11",
      "등급": "녹색",
      "adres": "전라북도 고창군 고창읍 석정2로 207-43",
      "tourNm": "석정힐링카운티 4동",
      "업종": "숙박업(생활)",
      "연번": "12"
    },
    {
      "데이터기준일자": "2017-12-11",
      "등급": "녹색",
      "adres": "전라북도 고창군 고창읍 석정2로 207-49",
      "tourNm": "석정힐링카운티 1동",
      "업종": "숙박업(생활)",
      "연번": "13"
    },
    {
      "데이터기준일자": "2017-12-11",
      "등급": "녹색",
      "adres": "전라북도 고창군 고창읍 석정2로 207-48",
      "tourNm": "석정힐링카운티 8동",
      "업종": "숙박업(생활)",
      "연번": "14"
    },
    {
      "데이터기준일자": "2017-12-11",
      "등급": "녹색",
      "adres": "전라북도 고창군 고창읍 석정2로 207-41",
      "tourNm": "석정힐링카운티 5동",
      "업종": "숙박업(생활)",
      "연번": "15"
    },
    {
      "데이터기준일자": "2017-12-11",
      "등급": "녹색",
      "adres": "전라북도 고창군 고창읍 석정2로 233-45",
      "tourNm": "석정힐링카운티 17동",
      "업종": "숙박업(생활)",
      "연번": "16"
    },
    {
      "데이터기준일자": "2017-12-11",
      "등급": "황색",
      "adres": "전라북도 고창군 고창읍 운동장길 20",
      "tourNm": "아모르 모텔",
      "업종": "숙박업(일반)",
      "연번": "17"
    },
    {
      "데이터기준일자": "2017-12-11",
      "등급": "황색",
      "adres": "전라북도 고창군 고창읍 고인돌대로 1953",
      "tourNm": "워커힐모텔",
      "업종": "숙박업(일반)",
      "연번": "18"
    },
    {
      "데이터기준일자": "2017-12-11",
      "등급": "황색",
      "adres": "전라북도 고창군 대산면 대산길 24",
      "tourNm": "로얄파크장여관",
      "업종": "숙박업(일반)",
      "연번": "19"
    },
    {
      "데이터기준일자": "2017-12-11",
      "등급": "황색",
      "adres": "전라북도 고창군 아산면 운곡로 418",
      "tourNm": "스테이선운(Stay Sunwoon)",
      "업종": "숙박업(일반)",
      "연번": "20"
    },
    {
      "데이터기준일자": "2017-12-11",
      "등급": "황색",
      "adres": "전라북도 고창군 아산면 운곡로 418",
      "tourNm": "소나무무인텔",
      "업종": "숙박업(일반)",
      "연번": "21"
    },
    {
      "데이터기준일자": "2017-12-11",
      "등급": "황색",
      "adres": "전라북도 고창군 상하면 진암구시포로 477",
      "tourNm": "비치타운모텔",
      "업종": "숙박업(일반)",
      "연번": "22"
    },
    {
      "데이터기준일자": "2017-12-11",
      "등급": "황색",
      "adres": "전라북도 고창군 흥덕면 선운대로 3813-1 ",
      "tourNm": "럭스모텔",
      "업종": "숙박업(일반)",
      "연번": "23"
    },
    {
      "데이터기준일자": "2017-12-11",
      "등급": "황색",
      "adres": "전라북도 고창군 고창읍 월곡리 162번지   ",
      "tourNm": "히든모텔",
      "업종": "숙박업(일반)",
      "연번": "24"
    },
    {
      "데이터기준일자": "2017-12-11",
      "등급": "황색",
      "adres": "전라북도 고창군 고창읍 천변남로 38",
      "tourNm": "유정장여관",
      "업종": "숙박업(일반)",
      "연번": "25"
    },
    {
      "데이터기준일자": "2017-12-11",
      "등급": "황색",
      "adres": "전라북도 고창군 고창읍 석정2로 207-49",
      "tourNm": "석정힐링카운티 7동",
      "업종": "숙박업(생활)",
      "연번": "26"
    },
    {
      "데이터기준일자": "2017-12-11",
      "등급": "황색",
      "adres": "전라북도 고창군 고창읍 석정2로 207-42",
      "tourNm": "석정힐링카운티 11동",
      "업종": "숙박업(생활)",
      "연번": "27"
    },
    {
      "데이터기준일자": "2017-12-11",
      "등급": "황색",
      "adres": "전라북도 고창군 고창읍 석정2로 207-39",
      "tourNm": "석정힐링카운티 6동",
      "업종": "숙박업(생활)",
      "연번": "28"
    },
    {
      "데이터기준일자": "2017-12-11",
      "등급": "황색",
      "adres": "전라북도 고창군 고창읍 석정2로 207-44",
      "tourNm": "석정힐링카운티 10동",
      "업종": "숙박업(생활)",
      "연번": "29"
    },
    {
      "데이터기준일자": "2017-12-11",
      "등급": "황색",
      "adres": "전라북도 고창군 대산면 대산길 6",
      "tourNm": "대산모텔",
      "업종": "숙박업(일반)",
      "연번": "30"
    },
    {
      "데이터기준일자": "2017-12-11",
      "등급": "황색",
      "adres": "전라북도 고창군 고창읍 석정2로 207-11",
      "tourNm": "석정힐링카운티 13동",
      "업종": "숙박업(생활)",
      "연번": "31"
    },
    {
      "데이터기준일자": "2017-12-11",
      "등급": "황색",
      "adres": "전라북도 고창군 고창읍 석정2로 207-40",
      "tourNm": "석정힐링카운티 12동",
      "업종": "숙박업(생활)",
      "연번": "32"
    },
    {
      "데이터기준일자": "2017-12-11",
      "등급": "황색",
      "adres": "전라북도 고창군 흥덕면 잿말길 87-8",
      "tourNm": "힐튼파크모텔",
      "업종": "숙박업(일반)",
      "연번": "33"
    },
    {
      "데이터기준일자": "2017-12-11",
      "등급": "황색",
      "adres": "전라북도 고창군 고창읍 석정2로 207-15",
      "tourNm": "석정힐링카운티 15동",
      "업종": "숙박업(생활)",
      "연번": "34"
    },
    {
      "데이터기준일자": "2017-12-11",
      "등급": "황색",
      "adres": "전라북도 고창군 고창읍 석정2로 207-13",
      "tourNm": "석정힐링카운티 14동",
      "업종": "숙박업(생활)",
      "연번": "35"
    },
    {
      "데이터기준일자": "2017-12-11",
      "등급": "황색",
      "adres": "전라북도 고창군 해리면 구동호1길 26-1 ",
      "tourNm": "대성모텔",
      "업종": "숙박업(일반)",
      "연번": "36"
    },
    {
      "데이터기준일자": "2017-12-11",
      "등급": "황색",
      "adres": "전라북도 고창군 아산면 선운사로 100",
      "tourNm": "송악모텔",
      "업종": "숙박업(일반)",
      "연번": "37"
    },
    {
      "데이터기준일자": "2017-12-11",
      "등급": "백색",
      "adres": "전라북도 고창군 흥덕면 서이길 1-1",
      "tourNm": "금오장여관",
      "업종": "숙박업(일반)",
      "연번": "38"
    },
    {
      "데이터기준일자": "2017-12-11",
      "등급": "백색",
      "adres": "전라북도 고창군 흥덕면 선운대로 3813 ",
      "tourNm": "옥수장여관",
      "업종": "숙박업(일반)",
      "연번": "39"
    },
    {
      "데이터기준일자": "2017-12-11",
      "등급": "백색",
      "adres": "전라북도 고창군 고창읍 중거리당산로 42 ",
      "tourNm": "동방호텔",
      "업종": "숙박업(일반)",
      "연번": "40"
    },
    {
      "데이터기준일자": "2017-12-11",
      "등급": "백색",
      "adres": "전라북도 고창군 고창읍 성산1길 7",
      "tourNm": "동남장여관",
      "업종": "숙박업(일반)",
      "연번": "41"
    },
    {
      "데이터기준일자": "2017-12-11",
      "등급": "백색",
      "adres": "전라북도 고창군 흥덕면 잿말길 87-4",
      "tourNm": "청그린파크장여관",
      "업종": "숙박업(일반)",
      "연번": "42"
    },
    {
      "데이터기준일자": "2017-12-11",
      "등급": "백색",
      "adres": "전라북도 고창군 고창읍 남정10길 20",
      "tourNm": "평화장여인숙",
      "업종": "숙박업(일반)",
      "연번": "43"
    },
    {
      "데이터기준일자": "2017-12-11",
      "등급": "백색",
      "adres": "전라북도 고창군 고창읍 화신1길 25",
      "tourNm": "그린파크장여관",
      "업종": "숙박업(일반)",
      "연번": "44"
    },
    {
      "데이터기준일자": "2017-12-11",
      "등급": "백색",
      "adres": "전라북도 고창군 고창읍 중앙로 217-1",
      "tourNm": "가든장 여관",
      "업종": "숙박업(일반)",
      "연번": "45"
    },
    {
      "데이터기준일자": "2017-12-11",
      "등급": "백색",
      "adres": "전라북도 고창군 아산면 선운사로 78",
      "tourNm": "서해안모텔",
      "업종": "숙박업(일반)",
      "연번": "46"
    },
    {
      "데이터기준일자": "2017-12-11",
      "등급": "백색",
      "adres": "전라북도 고창군 성내면 선운대로 3968",
      "tourNm": "에덴파크여관",
      "업종": "숙박업(일반)",
      "연번": "47"
    },
    {
      "데이터기준일자": "2017-12-11",
      "등급": "백색",
      "adres": "전라북도 고창군 고창읍 모양성로 24",
      "tourNm": "온천여관",
      "업종": "숙박업(일반)",
      "연번": "48"
    },
    {
      "데이터기준일자": "2017-12-11",
      "등급": "백색",
      "adres": "전라북도 고창군 고창읍 남정6길 30-2",
      "tourNm": "성덕여인숙",
      "업종": "숙박업(일반)",
      "연번": "49"
    },
    {
      "데이터기준일자": "2017-12-11",
      "등급": "백색",
      "adres": "전라북도 고창군 고창읍 남정10길 17",
      "tourNm": "한양여관",
      "업종": "숙박업(일반)",
      "연번": "50"
    }
	
	
	
	],
	"pageIndex": 1,
	"pageUnit": 10,
	"totalCount": 141,
	"searchCnd": "all",
	"searchKrwd": "",
	"status": "OK"
}