{
  "result": [
    {
      "담당자 연락처": "031-310-2485",
      "데이터기준일": "2021-06-01",
      "비고": "-",
      "mobileTelno": "031-313-3666",
      "tourNm": "르씨엘",
      "adres": "경기도 시흥시 호현로10번길 19 (신천동)",
      "업소소재지(지번)": "경기도 시흥시 신천동 708-14"
    },
    {
      "담당자 연락처": "031-310-2485",
      "데이터기준일": "2021-06-01",
      "비고": "-",
      "mobileTelno": "031-313-2411",
      "tourNm": "꼬모도모텔",
      "adres": "경기도 시흥시 복지로 13-9 (신천동)",
      "업소소재지(지번)": "경기도 시흥시 신천동 709-22"
    },
    {
      "담당자 연락처": "031-310-2485",
      "데이터기준일": "2021-06-01",
      "비고": "-",
      "mobileTelno": "031-494-8200",
      "tourNm": "크리스탈모텔",
      "adres": "경기도 시흥시 도일로112번길 3 (거모동)",
      "업소소재지(지번)": "경기도 시흥시 거모동 1657-1"
    },
    {
      "담당자 연락처": "031-310-2485",
      "데이터기준일": "2021-06-01",
      "비고": "-",
      "mobileTelno": "031-311-4588",
      "tourNm": "곰모텔",
      "adres": "경기도 시흥시 뱀내장터로 10-6 (신천동)",
      "업소소재지(지번)": "경기도 시흥시 신천동 707-33"
    },
    {
      "담당자 연락처": "031-310-2485",
      "데이터기준일": "2021-06-01",
      "비고": "-",
      "mobileTelno": "031-315-6661",
      "tourNm": "GG모텔",
      "adres": "경기도 시흥시 호현로22번길 26 (신천동)",
      "업소소재지(지번)": "경기도 시흥시 신천동 709-5"
    },
    {
      "담당자 연락처": "031-310-2485",
      "데이터기준일": "2021-06-01",
      "비고": "-",
      "mobileTelno": "031-314-1331",
      "tourNm": "서브웨이호텔",
      "adres": "경기도 시흥시 호현로10번길 15-3 (신천동)",
      "업소소재지(지번)": "경기도 시흥시 신천동 707-15"
    },
    {
      "담당자 연락처": "031-310-2485",
      "데이터기준일": "2021-06-01",
      "비고": "-",
      "mobileTelno": "031-499-8666",
      "tourNm": "베스트인호텔인사이드",
      "adres": "경기도 시흥시 평안상가4길 18 (정왕동)",
      "업소소재지(지번)": "경기도 시흥시 정왕동 1626-6"
    },
    {
      "담당자 연락처": "031-310-2485",
      "데이터기준일": "2021-06-01",
      "비고": "-",
      "mobileTelno": "031-432-6200",
      "tourNm": "플럼호텔",
      "adres": "경기도 시흥시 평안상가4길 8-6 (정왕동)",
      "업소소재지(지번)": "경기도 시흥시 정왕동 1623-2"
    },
    {
      "담당자 연락처": "031-310-2485",
      "데이터기준일": "2021-06-01",
      "비고": "-",
      "mobileTelno": "031-433-4005",
      "tourNm": "호텔플릇",
      "adres": "경기도 시흥시 함송로14번길 13-10 (정왕동)",
      "업소소재지(지번)": "경기도 시흥시 정왕동 1885-6"
    },
    {
      "담당자 연락처": "031-310-2485",
      "데이터기준일": "2021-06-01",
      "비고": "-",
      "mobileTelno": "031-318-0121",
      "tourNm": "호텔알지(Hotel R.G)",
      "adres": "경기도 시흥시 월곶중앙로70번안길 36 (월곶동)",
      "업소소재지(지번)": "경기도 시흥시 월곶동 1007-8"
    },
    {
      "담당자 연락처": "031-310-2485",
      "데이터기준일": "2021-06-01",
      "비고": "-",
      "mobileTelno": "031-318-3110",
      "tourNm": "유니크호텔28&율",
      "adres": "경기도 시흥시 월곶중앙로70번안길 28 (월곶동)",
      "업소소재지(지번)": "경기도 시흥시 월곶동 1007-4"
    },
    {
      "담당자 연락처": "031-310-2485",
      "데이터기준일": "2021-06-01",
      "비고": "-",
      "mobileTelno": "031-318-0377",
      "tourNm": "샤인",
      "adres": "경기도 시흥시 월곶중앙로58번길 32 (월곶동)",
      "업소소재지(지번)": "경기도 시흥시 월곶동 1003-14"
    },
    {
      "담당자 연락처": "031-310-2485",
      "데이터기준일": "2021-06-01",
      "비고": "-",
      "mobileTelno": "031-433-0001",
      "tourNm": "(주)시흥관광호텔",
      "adres": "경기도 시흥시 평안상가4길 21 (정왕동)",
      "업소소재지(지번)": "경기도 시흥시 정왕동 1622-6"
    },
    {
      "담당자 연락처": "031-310-2485",
      "데이터기준일": "2021-06-01",
      "비고": "-",
      "mobileTelno": "031-318-4778",
      "tourNm": "쉘부르",
      "adres": "경기도 시흥시 월곶중앙로70번안길 12 (월곶동)",
      "업소소재지(지번)": "경기도 시흥시 월곶동 1003-3"
    },
    {
      "담당자 연락처": "031-310-2485",
      "데이터기준일": "2021-06-01",
      "비고": "-",
      "mobileTelno": "031-318-4411",
      "tourNm": "짝모텔",
      "adres": "경기도 시흥시 월곶중앙로70번안길 19 (월곶동)",
      "업소소재지(지번)": "경기도 시흥시 월곶동 1004-9"
    },
    {
      "담당자 연락처": "031-310-2485",
      "데이터기준일": "2021-06-01",
      "비고": "-",
      "mobileTelno": "031-312-5091",
      "tourNm": "떠블유(W)호텔",
      "adres": "경기도 시흥시 복지로 13-11 (신천동)",
      "업소소재지(지번)": "경기도 시흥시 신천동 709-20"
    },
    {
      "담당자 연락처": "031-310-2485",
      "데이터기준일": "2021-06-01",
      "비고": "-",
      "mobileTelno": "031-318-8733",
      "tourNm": "리스",
      "adres": "경기도 시흥시 월곶중앙로46번길 28-3 (월곶동)",
      "업소소재지(지번)": "경기도 시흥시 월곶동 999-8"
    },
    {
      "담당자 연락처": "031-310-2485",
      "데이터기준일": "2021-06-01",
      "비고": "-",
      "mobileTelno": "031-318-2942",
      "tourNm": "W호텔",
      "adres": "경기도 시흥시 월곶중앙로58번길 25 (월곶동)",
      "업소소재지(지번)": "경기도 시흥시 월곶동 1002-8"
    },
    {
      "담당자 연락처": "031-310-2485",
      "데이터기준일": "2021-06-01",
      "비고": "-",
      "mobileTelno": "031-318-7030",
      "tourNm": "꿈의궁전여관",
      "adres": "경기도 시흥시 호현로9번길 8-12 (신천동)",
      "업소소재지(지번)": "경기도 시흥시 신천동 706-14"
    },
    {
      "담당자 연락처": "031-310-2485",
      "데이터기준일": "2021-06-01",
      "비고": "-",
      "mobileTelno": "031-431-4300",
      "tourNm": "티(T)호텔",
      "adres": "경기도 시흥시 옥구상가4길 8-2 (정왕동)",
      "업소소재지(지번)": "경기도 시흥시 정왕동 1856-5"
    },
    {
      "담당자 연락처": "031-310-2485",
      "데이터기준일": "2021-06-01",
      "비고": "-",
      "mobileTelno": "031-316-2226",
      "tourNm": "몽블랑파크",
      "adres": "경기도 시흥시 월곶중앙로30번안길 10-3 (월곶동)",
      "업소소재지(지번)": "경기도 시흥시 월곶동 998-5"
    },
    {
      "담당자 연락처": "031-310-2485",
      "데이터기준일": "2021-06-01",
      "비고": "-",
      "mobileTelno": "031-318-6666",
      "tourNm": "발렌타인모텔",
      "adres": "경기도 시흥시 월곶중앙로70번안길 14 (월곶동)",
      "업소소재지(지번)": "경기도 시흥시 월곶동 1003-4"
    },
    {
      "담당자 연락처": "031-310-2485",
      "데이터기준일": "2021-06-01",
      "비고": "-",
      "mobileTelno": "031-318-0104",
      "tourNm": "크루즈호텔",
      "adres": "경기도 시흥시 월곶중앙로70번안길 20 (월곶동)",
      "업소소재지(지번)": "경기도 시흥시 월곶동 1003-7"
    },
    {
      "담당자 연락처": "031-310-2485",
      "데이터기준일": "2021-06-01",
      "비고": "-",
      "mobileTelno": "031-433-8567",
      "tourNm": "정왕모텔",
      "adres": "경기도 시흥시 서촌상가2길 38 (정왕동)",
      "업소소재지(지번)": "경기도 시흥시 정왕동 1733-2"
    },
    {
      "담당자 연락처": "031-310-2485",
      "데이터기준일": "2021-06-01",
      "비고": "-",
      "mobileTelno": "031-432-8351",
      "tourNm": "맨하탄모텔",
      "adres": "경기도 시흥시 평안상가5길 3 (정왕동)",
      "업소소재지(지번)": "경기도 시흥시 정왕동 1783-6"
    },
    {
      "담당자 연락처": "031-310-2485",
      "데이터기준일": "2021-06-01",
      "비고": "-",
      "mobileTelno": "031-315-4497",
      "tourNm": "모텔힐튼",
      "adres": "경기도 시흥시 뱀내장터로 10-8 (신천동\t(최초신고 1997.1.20))",
      "업소소재지(지번)": "경기도 시흥시 신천동 707-74 (최초신고 1997.1.20)"
    },
    {
      "담당자 연락처": "031-310-2485",
      "데이터기준일": "2021-06-01",
      "비고": "-",
      "mobileTelno": "031-420-6900",
      "tourNm": "플러스호텔(PLUS호텔)",
      "adres": "경기도 시흥시 월곶중앙로70번안길 35-1 (월곶동)",
      "업소소재지(지번)": "경기도 시흥시 월곶동 1005-14"
    },
    {
      "담당자 연락처": "031-310-2485",
      "데이터기준일": "2021-06-01",
      "비고": "-",
      "mobileTelno": "031-318-2828",
      "tourNm": "마리",
      "adres": "경기도 시흥시 월곶중앙로70번안길 32 (월곶동)",
      "업소소재지(지번)": "경기도 시흥시 월곶동 1007-7"
    },
    {
      "담당자 연락처": "031-310-2485",
      "데이터기준일": "2021-06-01",
      "비고": "-",
      "mobileTelno": "031-405-2790",
      "tourNm": "삼부장여관",
      "adres": "경기도 시흥시 동서로 1111 (논곡동\t(최초신고 1985.12.16))",
      "업소소재지(지번)": "경기도 시흥시 논곡동 148-14 (최초신고 1985.12.16)"
    },
    {
      "담당자 연락처": "031-310-2485",
      "데이터기준일": "2021-06-01",
      "비고": "-",
      "mobileTelno": "031-313-9573",
      "tourNm": "로즈모텔",
      "adres": "경기도 시흥시 호현로22번길 1-12 (신천동\t(최초신고 1977.9.20))",
      "업소소재지(지번)": "경기도 시흥시 신천동 707-60 (최초신고 1977.9.20)"
    },
    {
      "담당자 연락처": "031-310-2485",
      "데이터기준일": "2021-06-01",
      "비고": "-",
      "mobileTelno": "031-314-2500",
      "tourNm": "아이비모텔",
      "adres": "경기도 시흥시 호현로9번길 8-14 (신천동\t(최초신고 1986.11.15))",
      "업소소재지(지번)": "경기도 시흥시 신천동 706-15 (최초신고 1986.11.15)"
    },
    {
      "담당자 연락처": "031-310-2485",
      "데이터기준일": "2021-06-01",
      "비고": "-",
      "mobileTelno": "031-314-4012",
      "tourNm": "AM모텔",
      "adres": "경기도 시흥시 호현로10번길 17-1 (신천동\t(최초신고 1996.11.1))",
      "업소소재지(지번)": "경기도 시흥시 신천동 708-17 (최초신고 1996.11.1)"
    },
    {
      "담당자 연락처": "031-310-2485",
      "데이터기준일": "2021-06-01",
      "비고": "-",
      "mobileTelno": "031-404-3777",
      "tourNm": "세븐모텔",
      "adres": "경기도 시흥시 월곶중앙로70번안길 35 (월곶동)",
      "업소소재지(지번)": "경기도 시흥시 월곶동 1005-15"
    },
    {
      "담당자 연락처": "031-310-2485",
      "데이터기준일": "2021-06-01",
      "비고": "-",
      "mobileTelno": "031-499-4182",
      "tourNm": "허니문모텔",
      "adres": "경기도 시흥시 중심상가로 201-9 (정왕동\t4\t5\t6층)",
      "업소소재지(지번)": "경기도 시흥시 정왕동 1738-3 4\t5\t6층"
    },
    {
      "담당자 연락처": "031-310-2485",
      "데이터기준일": "2021-06-01",
      "비고": "-",
      "mobileTelno": "031-497-2244",
      "tourNm": "씨사이드",
      "adres": "경기도 시흥시 함송로13번길 18 (정왕동)",
      "업소소재지(지번)": "경기도 시흥시 정왕동 1879-1"
    },
    {
      "담당자 연락처": "031-310-2485",
      "데이터기준일": "2021-06-01",
      "비고": "-",
      "mobileTelno": "031-318-8284",
      "tourNm": "I M T 2",
      "adres": "경기도 시흥시 월곶중앙로30번안길 30 (월곶동)",
      "업소소재지(지번)": "경기도 시흥시 월곶동 1002-11"
    },
    {
      "담당자 연락처": "031-310-2485",
      "데이터기준일": "2021-06-01",
      "비고": "-",
      "mobileTelno": "031-433-6660",
      "tourNm": "하트모텔",
      "adres": "경기도 시흥시 평안상가5길 23-5 (정왕동)",
      "업소소재지(지번)": "경기도 시흥시 정왕동 1781-3"
    },
    {
      "담당자 연락처": "031-310-2485",
      "데이터기준일": "2021-06-01",
      "비고": "-",
      "mobileTelno": "031-318-2696",
      "tourNm": "원모텔",
      "adres": "경기도 시흥시 월곶중앙로46번길 28-11 (월곶동)",
      "업소소재지(지번)": "경기도 시흥시 월곶동 996-9"
    },
    {
      "담당자 연락처": "031-310-2485",
      "데이터기준일": "2021-06-01",
      "비고": "-",
      "mobileTelno": "031-435-9997",
      "tourNm": "브라운도트월곶점",
      "adres": "경기도 시흥시 월곶중앙로70번안길 30 (월곶동)",
      "업소소재지(지번)": "경기도 시흥시 월곶동 1007-5"
    },
    {
      "담당자 연락처": "031-310-2485",
      "데이터기준일": "2021-06-01",
      "비고": "-",
      "mobileTelno": "031-497-9011",
      "tourNm": "호텔레스테이시흥점",
      "adres": "경기도 시흥시 중심상가2길 12-6 (정왕동)",
      "업소소재지(지번)": "경기도 시흥시 정왕동 1736-3"
    },
    {
      "담당자 연락처": "031-310-2485",
      "데이터기준일": "2021-06-01",
      "비고": "-",
      "mobileTelno": "031-318-6062",
      "tourNm": "더클래식",
      "adres": "경기도 시흥시 월곶중앙로70번안길 22 (월곶동)",
      "업소소재지(지번)": "경기도 시흥시 월곶동 1003-8"
    },
    {
      "담당자 연락처": "031-310-2485",
      "데이터기준일": "2021-06-01",
      "비고": "-",
      "mobileTelno": "031-318-1919",
      "tourNm": "꿈의궁전",
      "adres": "경기도 시흥시 월곶중앙로70번안길 18 (월곶동)",
      "업소소재지(지번)": "경기도 시흥시 월곶동 1003-6"
    },
    {
      "담당자 연락처": "031-310-2485",
      "데이터기준일": "2021-06-01",
      "비고": "-",
      "mobileTelno": "031-318-1020",
      "tourNm": "갤럭시호텔",
      "adres": "경기도 시흥시 월곶중앙로70번안길 27-1 (월곶동)",
      "업소소재지(지번)": "경기도 시흥시 월곶동 1005-19"
    },
    {
      "담당자 연락처": "031-310-2485",
      "데이터기준일": "2021-06-01",
      "비고": "-",
      "mobileTelno": "031-499-7871",
      "tourNm": "레브",
      "adres": "경기도 시흥시 중심상가1길 9 (정왕동)",
      "업소소재지(지번)": "경기도 시흥시 정왕동 1741-4"
    },
    {
      "담당자 연락처": "031-310-2485",
      "데이터기준일": "2021-06-01",
      "비고": "-",
      "mobileTelno": "031-319-9598",
      "tourNm": "BHK001",
      "adres": "경기도 시흥시 옥구상가3길 15-4 (정왕동)",
      "업소소재지(지번)": "경기도 시흥시 정왕동 1858-2"
    },
    {
      "담당자 연락처": "031-310-2485",
      "데이터기준일": "2021-06-01",
      "비고": "-",
      "mobileTelno": "031-494-6333",
      "tourNm": "꿈의궁전",
      "adres": "경기도 시흥시 한우물로 6 (거모동)",
      "업소소재지(지번)": "경기도 시흥시 거모동 1756-10"
    },
    {
      "담당자 연락처": "031-310-2485",
      "데이터기준일": "2021-06-01",
      "비고": "-",
      "mobileTelno": "031-433-0070",
      "tourNm": "궁호텔",
      "adres": "경기도 시흥시 평안상가1길 27 (정왕동)",
      "업소소재지(지번)": "경기도 시흥시 정왕동 1783-7"
    },
    {
      "담당자 연락처": "031-310-2485",
      "데이터기준일": "2021-06-01",
      "비고": "-",
      "mobileTelno": "031-494-5042",
      "tourNm": "우정여인숙",
      "adres": "경기도 시흥시 도일로 114 (거모동)",
      "업소소재지(지번)": "경기도 시흥시 거모동 1657-4 (최초신고 1970.11.7)"
    },
    {
      "담당자 연락처": "031-310-2485",
      "데이터기준일": "2021-06-01",
      "비고": "-",
      "mobileTelno": "031-499-5832",
      "tourNm": "버니모텔",
      "adres": "경기도 시흥시 서촌상가3길 7-5 (정왕동)",
      "업소소재지(지번)": "경기도 시흥시 정왕동 1729-6"
    },
    {
      "담당자 연락처": "031-310-2485",
      "데이터기준일": "2021-06-01",
      "비고": "-",
      "mobileTelno": "031-315-1490",
      "tourNm": "포유",
      "adres": "경기도 시흥시 비둘기공원4길 21 (대야동)",
      "업소소재지(지번)": "경기도 시흥시 대야동 529-5"
    },
    {
      "roominfo": 19,
      "mobileTelno": "031-885-2476",
      "신고일자": "1963-09-16",
      "양실수": 0,
      "tourNm": "옥천유스텔",
      "업종명": "숙박업(일반)",
      "업태명": "여관업",
      "영업소 주소": "경기도 여주시 신륵사길 29",
      "영업소 주소 시작일": "2010-09-29",
      "영업자시작일": "2017-03-06",
      "영업장면적": "340.2",
      "한실수": 19
    },
    {
      "roominfo": 19,
      "mobileTelno": "031-885-2508",
      "신고일자": "1969-06-28",
      "양실수": 9,
      "tourNm": "신륵여관",
      "업종명": "숙박업(일반)",
      "업태명": "여관업",
      "영업소 주소": "경기도 여주시 신륵사길 13",
      "영업소 주소 시작일": "1969-06-28",
      "영업자시작일": "2001-12-31",
      "영업장면적": "445.12",
      "한실수": 10
    },
    {
      "roominfo": 6,
      "mobileTelno": null,
      "신고일자": "1970-10-29",
      "양실수": 3,
      "tourNm": "유성여인숙",
      "업종명": "숙박업(일반)",
      "업태명": "여인숙업",
      "영업소 주소": "경기도 여주시 여흥로69번길 21",
      "영업소 주소 시작일": "1970-10-29",
      "영업자시작일": "2019-07-10",
      "영업장면적": "100.3",
      "한실수": 3
    },
    {
      "roominfo": 18,
      "mobileTelno": "031-885-2251",
      "신고일자": "1971-10-18",
      "양실수": 14,
      "tourNm": "씨티모텔",
      "업종명": "숙박업(일반)",
      "업태명": "여관업",
      "영업소 주소": "경기도 여주시 청심로 162",
      "영업소 주소 시작일": "1971-10-18",
      "영업자시작일": "2021-02-01",
      "영업장면적": "302.44",
      "한실수": 4
    },
    {
      "roominfo": 7,
      "mobileTelno": "031-886-2272",
      "신고일자": "1971-09-28",
      "양실수": 3,
      "tourNm": "여흥여관",
      "업종명": "숙박업(일반)",
      "업태명": "여관업",
      "영업소 주소": "경기도 여주시 청심로166번길 17-1",
      "영업소 주소 시작일": "1971-09-28",
      "영업자시작일": "2014-09-12",
      "영업장면적": "137.28",
      "한실수": 4
    },
    {
      "roominfo": 13,
      "mobileTelno": "031-884-2515",
      "신고일자": "1972-07-10",
      "양실수": 13,
      "tourNm": "명성장여관",
      "업종명": "숙박업(일반)",
      "업태명": "여관업",
      "영업소 주소": "경기도 여주시 청심로 165-48",
      "영업소 주소 시작일": "1972-07-10",
      "영업자시작일": "2021-06-01",
      "영업장면적": "260.13",
      "한실수": 0
    },
    {
      "roominfo": 15,
      "mobileTelno": "031-884-2662",
      "신고일자": "1972-05-03",
      "양실수": 0,
      "tourNm": "한양여관",
      "업종명": "숙박업(일반)",
      "업태명": "여관업",
      "영업소 주소": "경기도 여주시 신륵사길 17",
      "영업소 주소 시작일": "2007-10-19",
      "영업자시작일": "2015-04-06",
      "영업장면적": "460.1",
      "한실수": 15
    },
    {
      "roominfo": 8,
      "mobileTelno": "031-885-2372",
      "신고일자": "1974-07-22",
      "양실수": 8,
      "tourNm": "문화여관",
      "업종명": "숙박업(일반)",
      "업태명": "여관업",
      "영업소 주소": "경기도 여주시 청심로 178-1",
      "영업소 주소 시작일": "1974-07-22",
      "영업자시작일": "2008-06-16",
      "영업장면적": "180",
      "한실수": 0
    },
    {
      "roominfo": 8,
      "mobileTelno": "031-884-0191",
      "신고일자": "1974-11-09",
      "양실수": 8,
      "tourNm": "동해여관",
      "업종명": "숙박업(일반)",
      "업태명": "여관업",
      "영업소 주소": "경기도 여주시 가남읍 태평로 27",
      "영업소 주소 시작일": "1974-11-09",
      "영업자시작일": "2015-01-14",
      "영업장면적": "222.5",
      "한실수": 0
    },
    {
      "roominfo": 15,
      "mobileTelno": "031-885-2309",
      "신고일자": "1974-06-12",
      "양실수": 5,
      "tourNm": "대성여관",
      "업종명": "숙박업(일반)",
      "업태명": "여관업",
      "영업소 주소": "경기도 여주시 신륵사길 19",
      "영업소 주소 시작일": "2008-09-17",
      "영업자시작일": "1974-06-12",
      "영업장면적": "453.75",
      "한실수": 10
    },
    {
      "roominfo": 6,
      "mobileTelno": "031-882-6767",
      "신고일자": "1975-01-11",
      "양실수": 2,
      "tourNm": "길손여인숙",
      "업종명": "숙박업(일반)",
      "업태명": "여인숙업",
      "영업소 주소": "경기도 여주시 점동면 청안로 126",
      "영업소 주소 시작일": "1975-01-11",
      "영업자시작일": "1997-08-05",
      "영업장면적": "143.02",
      "한실수": 4
    },
    {
      "roominfo": 10,
      "mobileTelno": "031-882-4100",
      "신고일자": "1980-12-04",
      "양실수": 4,
      "tourNm": "성원여관",
      "업종명": "숙박업(일반)",
      "업태명": "여관업",
      "영업소 주소": "경기도 여주시 세종로 30-1",
      "영업소 주소 시작일": "1980-12-04",
      "영업자시작일": "2003-02-26",
      "영업장면적": "259.7",
      "한실수": 6
    },
    {
      "roominfo": 14,
      "mobileTelno": "031-881-4958",
      "신고일자": "1980-10-23",
      "양실수": 11,
      "tourNm": "리버하우스여관",
      "업종명": "숙박업(일반)",
      "업태명": "여관업",
      "영업소 주소": "경기도 여주시 금사면 이포로 72",
      "영업소 주소 시작일": "1980-10-23",
      "영업자시작일": "2020-01-21",
      "영업장면적": "399.44",
      "한실수": 3
    },
    {
      "roominfo": 12,
      "mobileTelno": "031-885-2649",
      "신고일자": "1981-08-18",
      "양실수": 12,
      "tourNm": "용궁여관",
      "업종명": "숙박업(일반)",
      "업태명": "여관업",
      "영업소 주소": "경기도 여주시 청심로 164",
      "영업소 주소 시작일": "1981-08-18",
      "영업자시작일": "2021-07-02",
      "영업장면적": "230",
      "한실수": 0
    },
    {
      "roominfo": 19,
      "mobileTelno": "031-884-2546",
      "신고일자": "1981-01-31",
      "양실수": 13,
      "tourNm": "영화파크여관",
      "업종명": "숙박업(일반)",
      "업태명": "여관업",
      "영업소 주소": "경기도 여주시 여흥로128번길 3-22",
      "영업소 주소 시작일": "1981-01-31",
      "영업자시작일": "2003-08-19",
      "영업장면적": "508.2",
      "한실수": 6
    },
    {
      "roominfo": 5,
      "mobileTelno": "031-884-7554",
      "신고일자": "1986-08-07",
      "양실수": 0,
      "tourNm": "삼화여인숙",
      "업종명": "숙박업(일반)",
      "업태명": "여관업",
      "영업소 주소": "경기도 여주시 흥천면 효지리 376",
      "영업소 주소 시작일": "1986-08-07",
      "영업자시작일": "1997-11-15",
      "영업장면적": "98.38",
      "한실수": 5
    },
    {
      "roominfo": 11,
      "mobileTelno": "031-886-8665",
      "신고일자": "1987-12-31",
      "양실수": 11,
      "tourNm": "렉스모텔",
      "업종명": "숙박업(일반)",
      "업태명": "여관업",
      "영업소 주소": "경기도 여주시 청심로 234-12",
      "영업소 주소 시작일": "2000-12-30",
      "영업자시작일": "2016-01-14",
      "영업장면적": "240",
      "한실수": 0
    },
    {
      "roominfo": 12,
      "mobileTelno": "031-632-4960",
      "신고일자": "1987-10-16",
      "양실수": 6,
      "tourNm": "수궁장여관",
      "업종명": "숙박업(일반)",
      "업태명": "여관업",
      "영업소 주소": "경기도 여주시 흥천면 이여로 608-30",
      "영업소 주소 시작일": "1987-10-16",
      "영업자시작일": "2008-02-25",
      "영업장면적": "274.8",
      "한실수": 6
    },
    {
      "roominfo": 19,
      "mobileTelno": "031-885-2445",
      "신고일자": "1988-10-25",
      "양실수": 14,
      "tourNm": "영빈장여관",
      "업종명": "숙박업(일반)",
      "업태명": "여관업",
      "영업소 주소": "경기도 여주시 여흥로109번길 22",
      "영업소 주소 시작일": "1988-10-25",
      "영업자시작일": "2012-11-07",
      "영업장면적": "481.44",
      "한실수": 5
    },
    {
      "roominfo": 19,
      "mobileTelno": "031-882-3595",
      "신고일자": "1988-07-23",
      "양실수": 6,
      "tourNm": "태평여관",
      "업종명": "숙박업(일반)",
      "업태명": "여관업",
      "영업소 주소": "경기도 여주시 가남읍 태평로 37",
      "영업소 주소 시작일": "1988-07-23",
      "영업자시작일": "2006-08-18",
      "영업장면적": "466.72",
      "한실수": 13
    },
    {
      "roominfo": 16,
      "mobileTelno": "031-883-8666",
      "신고일자": "1989-11-30",
      "양실수": 10,
      "tourNm": "라인모텔",
      "업종명": "숙박업(일반)",
      "업태명": "여관업",
      "영업소 주소": "경기도 여주시 강변로 144 (상동)",
      "영업소 주소 시작일": "1989-11-30",
      "영업자시작일": "2012-06-25",
      "영업장면적": "400",
      "한실수": 6
    },
    {
      "roominfo": 20,
      "mobileTelno": "031-883-8888",
      "신고일자": "1989-05-31",
      "양실수": 10,
      "tourNm": "세종파크",
      "업종명": "숙박업(일반)",
      "업태명": "여관업",
      "영업소 주소": "경기도 여주시 여양로 210-6",
      "영업소 주소 시작일": "1989-05-31",
      "영업자시작일": "2021-01-14",
      "영업장면적": "595",
      "한실수": 10
    },
    {
      "roominfo": 18,
      "mobileTelno": "031-885-3803",
      "신고일자": "1994-12-16",
      "양실수": 10,
      "tourNm": "송림장여관",
      "업종명": "숙박업(일반)",
      "업태명": "여관업",
      "영업소 주소": "경기도 여주시 소양로 51",
      "영업소 주소 시작일": "1994-12-16",
      "영업자시작일": "2021-03-03",
      "영업장면적": "416.87",
      "한실수": 8
    },
    {
      "roominfo": 28,
      "mobileTelno": "031-882-6422",
      "신고일자": "1994-11-24",
      "양실수": 24,
      "tourNm": "여주진모텔",
      "업종명": "숙박업(일반)",
      "업태명": "여관업",
      "영업소 주소": "경기도 여주시 우암로 39",
      "영업소 주소 시작일": "1994-11-24",
      "영업자시작일": "2012-02-29",
      "영업장면적": "750.3",
      "한실수": 4
    },
    {
      "roominfo": 16,
      "mobileTelno": "031-885-6700",
      "신고일자": "1994-12-27",
      "양실수": 12,
      "tourNm": "강변모텔",
      "업종명": "숙박업(일반)",
      "업태명": "여관업",
      "영업소 주소": "경기도 여주시 강변로 78",
      "영업소 주소 시작일": "1994-12-27",
      "영업자시작일": "2020-06-16",
      "영업장면적": "464.75",
      "한실수": 4
    },
    {
      "roominfo": 22,
      "mobileTelno": "031-882-6383",
      "신고일자": "1994-10-21",
      "양실수": 20,
      "tourNm": "J 모텔",
      "업종명": "숙박업(일반)",
      "업태명": "여관업",
      "영업소 주소": "경기도 여주시 가남읍 경충대로 948-4",
      "영업소 주소 시작일": "1994-10-21",
      "영업자시작일": "2019-06-12",
      "영업장면적": "707.55",
      "한실수": 2
    },
    {
      "roominfo": 13,
      "mobileTelno": null,
      "신고일자": "1994-01-19",
      "양실수": 13,
      "tourNm": "그린장모텔",
      "업종명": "숙박업(일반)",
      "업태명": "여관업",
      "영업소 주소": "경기도 여주시 흥천면 흥천로 870",
      "영업소 주소 시작일": "1994-01-19",
      "영업자시작일": "2013-05-24",
      "영업장면적": "780.91",
      "한실수": 0
    },
    {
      "roominfo": 16,
      "mobileTelno": "031-883-5350",
      "신고일자": "1994-03-17",
      "양실수": 12,
      "tourNm": "파사장여관",
      "업종명": "숙박업(일반)",
      "업태명": "여관업",
      "영업소 주소": "경기도 여주시 대신면 여양1로 54",
      "영업소 주소 시작일": "1994-03-17",
      "영업자시작일": "2012-01-16",
      "영업장면적": "266.96",
      "한실수": 4
    },
    {
      "roominfo": 24,
      "mobileTelno": "031-885-0888",
      "신고일자": "1995-05-30",
      "양실수": 20,
      "tourNm": "필",
      "업종명": "숙박업(일반)",
      "업태명": "여관업",
      "영업소 주소": "경기도 여주시 세종로 64",
      "영업소 주소 시작일": "1995-05-30",
      "영업자시작일": "2007-03-14",
      "영업장면적": "527.8",
      "한실수": 4
    },
    {
      "roominfo": 34,
      "mobileTelno": "031-884-0550",
      "신고일자": "1995-02-13",
      "양실수": 16,
      "tourNm": "힐사이드파크",
      "업종명": "숙박업(일반)",
      "업태명": "여관업",
      "영업소 주소": "경기도 여주시 세종로 119",
      "영업소 주소 시작일": "1995-02-13",
      "영업자시작일": "2007-11-16",
      "영업장면적": "743.4",
      "한실수": 18
    },
    {
      "roominfo": 31,
      "mobileTelno": "031-884-2525",
      "신고일자": "1995-12-29",
      "양실수": 16,
      "tourNm": "Y모텔",
      "업종명": "숙박업(일반)",
      "업태명": "여관업",
      "영업소 주소": "경기도 여주시 세종로 507",
      "영업소 주소 시작일": "1995-12-29",
      "영업자시작일": "2008-09-08",
      "영업장면적": "718.53",
      "한실수": 15
    },
    {
      "roominfo": 20,
      "mobileTelno": "031-883-1790",
      "신고일자": "1995-08-17",
      "양실수": 18,
      "tourNm": "이화모텔",
      "업종명": "숙박업(일반)",
      "업태명": "여관업",
      "영업소 주소": "경기도 여주시 가남읍 태평중앙1길 13",
      "영업소 주소 시작일": "1995-08-17",
      "영업자시작일": "2017-01-20",
      "영업장면적": "613.2",
      "한실수": 2
    },
    {
      "roominfo": 28,
      "mobileTelno": "031-883-8228",
      "신고일자": "1995-11-15",
      "양실수": 20,
      "tourNm": "그린파크",
      "업종명": "숙박업(일반)",
      "업태명": "여관업",
      "영업소 주소": "경기도 여주시 가남읍 경충대로 1388",
      "영업소 주소 시작일": "1995-11-15",
      "영업자시작일": "2016-11-28",
      "영업장면적": "848.85",
      "한실수": 8
    },
    {
      "roominfo": 16,
      "mobileTelno": "031-883-1596",
      "신고일자": "1995-10-24",
      "양실수": 15,
      "tourNm": "삼봉파크",
      "업종명": "숙박업(일반)",
      "업태명": "여관업",
      "영업소 주소": "경기도 여주시 흥천면 이여로 947-11",
      "영업소 주소 시작일": "1995-10-24",
      "영업자시작일": "2008-03-05",
      "영업장면적": "355.92",
      "한실수": 1
    },
    {
      "roominfo": 19,
      "mobileTelno": "031-885-0380",
      "신고일자": "1995-12-28",
      "양실수": 19,
      "tourNm": "수정파크여관",
      "업종명": "숙박업(일반)",
      "업태명": "여관업",
      "영업소 주소": "경기도 여주시 여양로 299",
      "영업소 주소 시작일": "1995-12-28",
      "영업자시작일": "2018-05-08",
      "영업장면적": "488.36",
      "한실수": 0
    },
    {
      "roominfo": 24,
      "mobileTelno": "031-886-7700",
      "신고일자": "1995-08-07",
      "양실수": 17,
      "tourNm": "신라모텔",
      "업종명": "숙박업(일반)",
      "업태명": "여관업",
      "영업소 주소": "경기도 여주시 세종로79번길 18-12",
      "영업소 주소 시작일": "1995-08-07",
      "영업자시작일": "2019-08-01",
      "영업장면적": "613.58",
      "한실수": 7
    },
    {
      "roominfo": 35,
      "mobileTelno": "031-885-7075",
      "신고일자": "1996-03-15",
      "양실수": 25,
      "tourNm": "발리모텔",
      "업종명": "숙박업(일반)",
      "업태명": "여관업",
      "영업소 주소": "경기도 여주시 세종로79번길 18-5",
      "영업소 주소 시작일": "1996-03-15",
      "영업자시작일": "2015-10-08",
      "영업장면적": "976.5",
      "한실수": 10
    },
    {
      "roominfo": 28,
      "mobileTelno": "031-885-8890",
      "신고일자": "1996-07-31",
      "양실수": 26,
      "tourNm": "소풍모텔",
      "업종명": "숙박업(일반)",
      "업태명": "여관업",
      "영업소 주소": "경기도 여주시 주내로 51",
      "영업소 주소 시작일": "1996-07-31",
      "영업자시작일": "2017-02-16",
      "영업장면적": "720.62",
      "한실수": 2
    },
    {
      "roominfo": 16,
      "mobileTelno": "031-883-0951",
      "신고일자": "1996-06-01",
      "양실수": 12,
      "tourNm": "올레모텔",
      "업종명": "숙박업(일반)",
      "업태명": "여관업",
      "영업소 주소": "경기도 여주시 산북면 광여로 1076",
      "영업소 주소 시작일": "1996-06-01",
      "영업자시작일": "2019-11-05",
      "영업장면적": "397.16",
      "한실수": 4
    },
    {
      "roominfo": 18,
      "mobileTelno": "031-884-4208",
      "신고일자": "1996-11-28",
      "양실수": 15,
      "tourNm": "궁전파크",
      "업종명": "숙박업(일반)",
      "업태명": "여관업",
      "영업소 주소": "경기도 여주시 대신면 여양로 1559",
      "영업소 주소 시작일": "1996-11-28",
      "영업자시작일": "1997-09-23",
      "영업장면적": "394.1",
      "한실수": 3
    },
    {
      "roominfo": 27,
      "mobileTelno": "031-886-4700",
      "신고일자": "1996-11-14",
      "양실수": 20,
      "tourNm": "아비숑여관",
      "업종명": "숙박업(일반)",
      "업태명": "여관업",
      "영업소 주소": "경기도 여주시 여양로 210-9",
      "영업소 주소 시작일": "1996-11-14",
      "영업자시작일": "2004-06-08",
      "영업장면적": "754.92",
      "한실수": 7
    },
    {
      "roominfo": 19,
      "mobileTelno": "031-881-4696",
      "신고일자": "1996-08-28",
      "양실수": 19,
      "tourNm": "하이모텔",
      "업종명": "숙박업(일반)",
      "업태명": "여관업",
      "영업소 주소": "경기도 여주시 청심로 234-18",
      "영업소 주소 시작일": "2001-08-22",
      "영업자시작일": "2018-06-19",
      "영업장면적": "360",
      "한실수": 0
    },
    {
      "roominfo": 19,
      "mobileTelno": "031-886-0330",
      "신고일자": "1997-10-04",
      "양실수": 16,
      "tourNm": "허브모텔",
      "업종명": "숙박업(일반)",
      "업태명": "여관업",
      "영업소 주소": "경기도 여주시 강변유원지길 25",
      "영업소 주소 시작일": "1997-10-04",
      "영업자시작일": "2019-06-12",
      "영업장면적": "587.36",
      "한실수": 3
    },
    {
      "roominfo": 13,
      "mobileTelno": "031-882-1972",
      "신고일자": "1997-04-28",
      "양실수": 13,
      "tourNm": "오성모텔",
      "업종명": "숙박업(일반)",
      "업태명": "여관업",
      "영업소 주소": "경기도 여주시 청심로 123",
      "영업소 주소 시작일": "1997-04-28",
      "영업자시작일": "2021-04-27",
      "영업장면적": "342.36",
      "한실수": 0
    },
    {
      "roominfo": 19,
      "mobileTelno": "031-885-3936",
      "신고일자": "1997-12-31",
      "양실수": 5,
      "tourNm": "송학장여관",
      "업종명": "숙박업(일반)",
      "업태명": "여관업",
      "영업소 주소": "경기도 여주시 신륵사길 25",
      "영업소 주소 시작일": "2007-10-19",
      "영업자시작일": "1997-12-31",
      "영업장면적": "565.1",
      "한실수": 14
    },
    {
      "roominfo": 28,
      "mobileTelno": "031-881-5200",
      "신고일자": "1998-05-12",
      "양실수": 23,
      "tourNm": "여주남한강 J모텔",
      "업종명": "숙박업(일반)",
      "업태명": "여관업",
      "영업소 주소": "경기도 여주시 주내로 39",
      "영업소 주소 시작일": "2013-04-22",
      "영업자시작일": "1998-05-12",
      "영업장면적": "1,015.20",
      "한실수": 5
    },
    {
      "roominfo": 32,
      "mobileTelno": "031-881-6881",
      "신고일자": "1998-06-09",
      "양실수": 30,
      "tourNm": "프린스",
      "업종명": "숙박업(일반)",
      "업태명": "여관업",
      "영업소 주소": "경기도 여주시 여흥로109번길 20",
      "영업소 주소 시작일": "1998-06-09",
      "영업자시작일": "2018-06-28",
      "영업장면적": "867.35",
      "한실수": 2
    },
    {
      "roominfo": 19,
      "mobileTelno": "031-885-4800",
      "신고일자": "1998-03-21",
      "양실수": 10,
      "tourNm": "여주온천",
      "업종명": "숙박업(일반)",
      "업태명": "여관업",
      "영업소 주소": "경기도 여주시 강천면 강문로 864",
      "영업소 주소 시작일": "1998-03-21",
      "영업자시작일": "2011-08-04",
      "영업장면적": "2,979.07",
      "한실수": 9
    },
    {
      "roominfo": 168,
      "mobileTelno": "031-883-1199",
      "신고일자": "1999-12-01",
      "양실수": 59,
      "tourNm": "일성남한강콘도",
      "업종명": "숙박업(일반)",
      "업태명": "휴양콘도미니엄업",
      "영업소 주소": "경기도 여주시 신륵로 5",
      "영업소 주소 시작일": "2013-06-07",
      "영업자시작일": "2013-10-30",
      "영업장면적": "10,840.72",
      "한실수": 109
    },
    {
      "roominfo": 34,
      "mobileTelno": "031-885-1818",
      "신고일자": "2000-03-08",
      "양실수": 31,
      "tourNm": "썬모텔",
      "업종명": "숙박업(일반)",
      "업태명": "여관업",
      "영업소 주소": "경기도 여주시 강변유원지길 17",
      "영업소 주소 시작일": "2000-03-08",
      "영업자시작일": "2017-04-03",
      "영업장면적": "953.8",
      "한실수": 3
    },
    
    
     {
      "roominfo": "10",
      "데이터기준일자": "2019-06-26",
      "adres": "경기도 김포시 북변로 5 (북변동)",
      "양실수": "8",
      "tourNm": "대왕여관",
      "mobileTelno": "031-984-2207",
      "한실수": "2"
    },
    {
      "roominfo": "14",
      "데이터기준일자": "2019-06-26",
      "adres": "경기도 김포시 통진읍 서암로84번길 1-8",
      "양실수": "14",
      "tourNm": "수보장",
      "mobileTelno": "031-983-6705",
      "한실수": "0"
    },
    {
      "roominfo": "15",
      "데이터기준일자": "2019-06-26",
      "adres": "경기도 김포시 양촌읍 양곡로 539-4",
      "양실수": "6",
      "tourNm": "황금장여인숙",
      "mobileTelno": "031-981-2144",
      "한실수": "9"
    },
    {
      "roominfo": "9",
      "데이터기준일자": "2019-06-26",
      "adres": "경기도 김포시 북변중로65번길 45 (북변동)",
      "양실수": "0",
      "tourNm": "송미여인숙",
      "mobileTelno": "031-984-3156",
      "한실수": "9"
    },
    {
      "roominfo": "16",
      "데이터기준일자": "2019-06-26",
      "adres": "경기도 김포시 중봉1로 99 (북변동)",
      "양실수": "10",
      "tourNm": "우성모텔",
      "mobileTelno": "031-984-2049",
      "한실수": "6"
    },
    {
      "roominfo": "15",
      "데이터기준일자": "2019-06-26",
      "adres": "경기도 김포시 하성면 하성로 497-12",
      "양실수": "8",
      "tourNm": "하성장",
      "mobileTelno": "031-988-2993",
      "한실수": "7"
    },
    {
      "roominfo": "16",
      "데이터기준일자": "2019-06-26",
      "adres": "경기도 김포시 북변중로 92-3 (북변동)",
      "양실수": "16",
      "tourNm": "칠복여관",
      "mobileTelno": "031-984-6063",
      "한실수": "0"
    },
    {
      "roominfo": "14",
      "데이터기준일자": "2019-06-26",
      "adres": "경기도 김포시 중구로 89-7 (북변동)",
      "양실수": "9",
      "tourNm": "한성여관",
      "mobileTelno": "031-984-2264",
      "한실수": "5"
    },
    {
      "roominfo": "10",
      "데이터기준일자": "2019-06-26",
      "adres": "경기도 김포시 통진읍 서암로84번길 1-4",
      "양실수": "10",
      "tourNm": "일진여관",
      "mobileTelno": "031-984-8219",
      "한실수": "0"
    },
    {
      "roominfo": "12",
      "데이터기준일자": "2019-06-26",
      "adres": "경기도 김포시 통진읍 김포대로2230번길 13-6",
      "양실수": "10",
      "tourNm": "타임모텔",
      "mobileTelno": "031-987-1019",
      "한실수": "2"
    },
    {
      "roominfo": "10",
      "데이터기준일자": "2019-06-26",
      "adres": "경기도 김포시 통진읍 김포대로2230번길 15",
      "양실수": "10",
      "tourNm": "제일장여관",
      "mobileTelno": "031-987-4987",
      "한실수": "0"
    },
    {
      "roominfo": "13",
      "데이터기준일자": "2019-06-26",
      "adres": "경기도 김포시 중봉1로 85-3 (북변동)",
      "양실수": "13",
      "tourNm": "허브모텔",
      "mobileTelno": "031-988-4927",
      "한실수": "0"
    },
    {
      "roominfo": "18",
      "데이터기준일자": "2019-06-26",
      "adres": "경기도 김포시 북변로15번길 4 (북변동)",
      "양실수": "18",
      "tourNm": "샤넬모텔",
      "mobileTelno": "031-982-2974",
      "한실수": "0"
    },
    {
      "roominfo": "21",
      "데이터기준일자": "2019-06-26",
      "adres": "경기도 김포시 양촌읍 양곡1로40번길 12",
      "양실수": "16",
      "tourNm": "모텔케이(MOTEL-K)",
      "mobileTelno": "031-981-7138",
      "한실수": "5"
    },
    {
      "roominfo": "18",
      "데이터기준일자": "2019-06-26",
      "adres": "경기도 김포시 통진읍 김포대로2244번길 26-5",
      "양실수": "12",
      "tourNm": "발리모텔",
      "mobileTelno": "031-987-1268",
      "한실수": "6"
    },
    {
      "roominfo": "14",
      "데이터기준일자": "2019-06-26",
      "adres": "경기도 김포시 통진읍 조강로 66-13",
      "양실수": "12",
      "tourNm": "장미장여관",
      "mobileTelno": "031-988-0336",
      "한실수": "2"
    },
    {
      "roominfo": "25",
      "데이터기준일자": "2019-06-26",
      "adres": "경기도 김포시 풍무로 215-1 (사우동)",
      "양실수": "20",
      "tourNm": "더식스",
      "mobileTelno": "031-983-1956",
      "한실수": "5"
    },
    {
      "roominfo": "16",
      "데이터기준일자": "2019-06-26",
      "adres": "경기도 김포시 양촌읍 양곡1로 19",
      "양실수": "16",
      "tourNm": "S 모텔",
      "mobileTelno": "031-981-6488",
      "한실수": "0"
    },
    {
      "roominfo": "20",
      "데이터기준일자": "2019-06-26",
      "adres": "경기도 김포시 중구로 51 (북변동)",
      "양실수": "15",
      "tourNm": "H모텔",
      "mobileTelno": "031-997-9967",
      "한실수": "5"
    },
    {
      "roominfo": "20",
      "데이터기준일자": "2019-06-26",
      "adres": "경기도 김포시 풍무로 207 (사우동)",
      "양실수": "11",
      "tourNm": "김포프라자모텔",
      "mobileTelno": "031-984-8831",
      "한실수": "9"
    },
    {
      "roominfo": "15",
      "데이터기준일자": "2019-06-26",
      "adres": "경기도 김포시 북변중로68번길 16-8 (북변동)",
      "양실수": "14",
      "tourNm": "명보장여관",
      "mobileTelno": "031-982-4945",
      "한실수": "1"
    },
    {
      "roominfo": "20",
      "데이터기준일자": "2019-06-26",
      "adres": "경기도 김포시 월곶면 애기봉로 31",
      "양실수": "11",
      "tourNm": "뉴크리스탈여관",
      "mobileTelno": "031-987-4562",
      "한실수": "9"
    },
    {
      "roominfo": "36",
      "데이터기준일자": "2019-06-26",
      "adres": "경기도 김포시 중구로 47 (북변동)",
      "양실수": "34",
      "tourNm": "필(Fill)",
      "mobileTelno": "031-984-1818",
      "한실수": "2"
    },
    {
      "roominfo": "21",
      "데이터기준일자": "2019-06-26",
      "adres": "경기도 김포시 양촌읍 양곡4로 2",
      "양실수": "21",
      "tourNm": "티앤지모텔(T&G모텔)",
      "mobileTelno": "031-981-0004",
      "한실수": ""
    },
    {
      "roominfo": "32",
      "데이터기준일자": "2019-06-26",
      "adres": "경기도 김포시 통진읍 조강로 129",
      "양실수": "31",
      "tourNm": "테마",
      "mobileTelno": "031-989-9702",
      "한실수": "1"
    },
    {
      "roominfo": "31",
      "데이터기준일자": "2019-06-26",
      "adres": "경기도 김포시 월곶면 군하로 128",
      "양실수": "15",
      "tourNm": "테마여관",
      "mobileTelno": "031-987-8634",
      "한실수": "16"
    },
    {
      "roominfo": "22",
      "데이터기준일자": "2019-06-26",
      "adres": "경기도 김포시 하성면 금포로1915번길 37-5",
      "양실수": "20",
      "tourNm": "리버사이드 모텔",
      "mobileTelno": "031-981-6794",
      "한실수": "2"
    },
    {
      "roominfo": "71",
      "데이터기준일자": "2019-06-26",
      "adres": "경기도 김포시 대곶면 약암로 965-7",
      "양실수": "48",
      "tourNm": "약암홍염천관광호텔",
      "mobileTelno": "031-989-7001",
      "한실수": "23"
    },
    {
      "roominfo": "47",
      "데이터기준일자": "2019-06-26",
      "adres": "경기도 김포시 북변로15번길 8 (북변동)",
      "양실수": "47",
      "tourNm": "스카이",
      "mobileTelno": "031-986-5306",
      "한실수": "0"
    },
    {
      "roominfo": "36",
      "데이터기준일자": "2019-06-26",
      "adres": "경기도 김포시 월곶면 오리정로 107-12",
      "양실수": "18",
      "tourNm": "HOTEL M(호텔 엠)",
      "mobileTelno": "031-985-3386",
      "한실수": "18"
    },
    {
      "roominfo": "36",
      "데이터기준일자": "2019-06-26",
      "adres": "경기도 김포시 월곶면 군하로 283",
      "양실수": "31",
      "tourNm": "SKY모텔",
      "mobileTelno": "031-989-3379",
      "한실수": "5"
    },
    {
      "roominfo": "34",
      "데이터기준일자": "2019-06-26",
      "adres": "경기도 김포시 중구로 47-1 (북변동)",
      "양실수": "34",
      "tourNm": "리버모텔",
      "mobileTelno": "031-982-7944",
      "한실수": "0"
    },
    {
      "roominfo": "28",
      "데이터기준일자": "2019-06-26",
      "adres": "경기도 김포시 월곶면 김포대로 2556",
      "양실수": "25",
      "tourNm": "에비뉴",
      "mobileTelno": "031-987-9866",
      "한실수": "3"
    },
    {
      "roominfo": "33",
      "데이터기준일자": "2019-06-26",
      "adres": "경기도 김포시 중구로 55 (북변동)",
      "양실수": "30",
      "tourNm": "체리호텔",
      "mobileTelno": "031-986-4818",
      "한실수": "3"
    },
    {
      "roominfo": "23",
      "데이터기준일자": "2019-06-26",
      "adres": "경기도 김포시 통진읍 조강로80번길 16",
      "양실수": "20",
      "tourNm": "렉스파크",
      "mobileTelno": "031-981-4709",
      "한실수": "3"
    },
    {
      "roominfo": "34",
      "데이터기준일자": "2019-06-26",
      "adres": "경기도 김포시 통진읍 김포대로2244번길 26-6",
      "양실수": "34",
      "tourNm": "석주파크",
      "mobileTelno": "031-981-8454",
      "한실수": "0"
    },
    {
      "roominfo": "26",
      "데이터기준일자": "2019-06-26",
      "adres": "경기도 김포시 통진읍 조강로 143",
      "양실수": "25",
      "tourNm": "오아시스",
      "mobileTelno": "031-989-9246",
      "한실수": "1"
    },
    {
      "roominfo": "24",
      "데이터기준일자": "2019-06-26",
      "adres": "경기도 김포시 하성면 하성로 281",
      "양실수": "20",
      "tourNm": "퀸",
      "mobileTelno": "031-981-7270",
      "한실수": "4"
    },
    {
      "roominfo": "43",
      "데이터기준일자": "2019-06-26",
      "adres": "경기도 김포시 고촌읍 인향로 2",
      "양실수": "43",
      "tourNm": "럭스호텔",
      "mobileTelno": "031-986-6430",
      "한실수": "0"
    },
    {
      "roominfo": "28",
      "데이터기준일자": "2019-06-26",
      "adres": "경기도 김포시 양촌읍 양곡로 522-6",
      "양실수": "24",
      "tourNm": "M모텔",
      "mobileTelno": "031-996-0588",
      "한실수": "4"
    },
    {
      "roominfo": "40",
      "데이터기준일자": "2019-06-26",
      "adres": "경기도 김포시 통진읍 김포대로 2337",
      "양실수": "39",
      "tourNm": "라인호텔",
      "mobileTelno": "031-988-2234",
      "한실수": "1"
    },
    {
      "roominfo": "15",
      "데이터기준일자": "2019-06-26",
      "adres": "경기도 김포시 양촌읍 양곡로 512",
      "양실수": "7",
      "tourNm": "신라모텔",
      "mobileTelno": "031-981-7690",
      "한실수": "8"
    },
    {
      "roominfo": "18",
      "데이터기준일자": "2019-06-26",
      "adres": "경기도 김포시 양촌읍 양곡1로 27",
      "양실수": "8",
      "tourNm": "목련장모텔",
      "mobileTelno": "031-981-6638",
      "한실수": "10"
    },
    {
      "roominfo": "13",
      "데이터기준일자": "2019-06-26",
      "adres": "경기도 김포시 통진읍 서암로84번길 5-2",
      "양실수": "3",
      "tourNm": "삼성장여관",
      "mobileTelno": "031-988-5577",
      "한실수": "10"
    },
    {
      "roominfo": "30",
      "데이터기준일자": "2019-06-26",
      "adres": "경기도 김포시 중구로 53 (북변동)",
      "양실수": "29",
      "tourNm": "뮤즈모텔",
      "mobileTelno": "031-984-1808",
      "한실수": "1"
    },
    {
      "roominfo": "21",
      "데이터기준일자": "2019-06-26",
      "adres": "경기도 김포시 북변중로 87-15 (북변동)",
      "양실수": "18",
      "tourNm": "타워모텔",
      "mobileTelno": "031-984-1346",
      "한실수": "3"
    },
    {
      "roominfo": "27",
      "데이터기준일자": "2019-06-26",
      "adres": "경기도 김포시 북변중로85번길 5 (북변동)",
      "양실수": "24",
      "tourNm": "백악관모텔",
      "mobileTelno": "031-982-9912",
      "한실수": "3"
    },
    {
      "roominfo": "40",
      "데이터기준일자": "2019-06-26",
      "adres": "경기도 김포시 대곶면 약암로 874",
      "양실수": "38",
      "tourNm": "호텔바스(Hotel Bath)",
      "mobileTelno": "031-997-3500",
      "한실수": "2"
    },
    {
      "roominfo": "36",
      "데이터기준일자": "2019-06-26",
      "adres": "경기도 김포시 대곶면 약암로 786-38",
      "양실수": "36",
      "tourNm": "프리존호텔",
      "mobileTelno": "031-981-8835",
      "한실수": "0"
    },
    {
      "roominfo": "6",
      "데이터기준일자": "2019-06-26",
      "adres": "경기도 김포시 통진읍 서암로94번길 19",
      "양실수": "5",
      "tourNm": "삼화여관",
      "mobileTelno": "031-987-1015",
      "한실수": "1"
    },
    
    {
      "데이터기준일자": "2018-06-30",
      "mobileTelno": "031-751-1808",
      "tourNm": "양호여인숙",
      "adres": "경기도 성남시 수정구 수정남로48번길 7 (수진동)",
      "업종명": "숙박업(일반)"
    },
    {
      "데이터기준일자": "2018-06-30",
      "mobileTelno": "",
      "tourNm": "사랑방",
      "adres": "경기도 성남시 수정구 수정남로52번길 2-1 (수진동)",
      "업종명": "숙박업(일반)"
    },
    {
      "데이터기준일자": "2018-06-30",
      "mobileTelno": "031-751-6924",
      "tourNm": "은하파크",
      "adres": "경기도 성남시 수정구 수정남로22번길 4, 1.2층 (수진동)",
      "업종명": "숙박업(일반)"
    },
    {
      "데이터기준일자": "2018-06-30",
      "mobileTelno": "031-752-0425",
      "tourNm": "속리여인숙",
      "adres": "경기도 성남시 수정구 남문로2번길 3 (태평동)",
      "업종명": "숙박업(일반)"
    },
    {
      "데이터기준일자": "2018-06-30",
      "mobileTelno": "",
      "tourNm": "핑크장",
      "adres": "경기도 성남시 수정구 수정남로54번길 14 (수진동)",
      "업종명": "숙박업(일반)"
    },
    {
      "데이터기준일자": "2018-06-30",
      "mobileTelno": "031-751-7008",
      "tourNm": "태백파크",
      "adres": "경기도 성남시 수정구 수정남로54번길 3-1 (수진동)",
      "업종명": "숙박업(일반)"
    },
    {
      "데이터기준일자": "2018-06-30",
      "mobileTelno": "",
      "tourNm": "수미여인숙",
      "adres": "경기도 성남시 수정구 수정남로88번길 4 (신흥동)",
      "업종명": "숙박업(일반)"
    },
    {
      "데이터기준일자": "2018-06-30",
      "mobileTelno": "",
      "tourNm": "행복파크",
      "adres": "경기도 성남시 수정구 수정로120번길 20-1 (수진동)",
      "업종명": "숙박업(일반)"
    },
    {
      "데이터기준일자": "2018-06-30",
      "mobileTelno": "031-756-1962",
      "tourNm": "은정장여인숙",
      "adres": "경기도 성남시 수정구 수정남로48번길 9 (수진동)",
      "업종명": "숙박업(일반)"
    },
    {
      "데이터기준일자": "2018-06-30",
      "mobileTelno": "",
      "tourNm": "팝콘장",
      "adres": "경기도 성남시 수정구 수정남로20번길 12-2 (수진동)",
      "업종명": "숙박업(일반)"
    },
    {
      "데이터기준일자": "2018-06-30",
      "mobileTelno": "031-751-8151",
      "tourNm": "초원장여인숙",
      "adres": "경기도 성남시 수정구 수정남로54번길 10 (수진동)",
      "업종명": "숙박업(일반)"
    },
    {
      "데이터기준일자": "2018-06-30",
      "mobileTelno": "031-722-5439",
      "tourNm": "무등장여인숙",
      "adres": "경기도 성남시 수정구 수정로170번길 7-4 (신흥동)",
      "업종명": "숙박업(일반)"
    },
    {
      "데이터기준일자": "2018-06-30",
      "mobileTelno": "",
      "tourNm": "장미여인숙",
      "adres": "경기도 성남시 수정구 수정남로148번길 6 (신흥동)",
      "업종명": "숙박업(일반)"
    },
    {
      "데이터기준일자": "2018-06-30",
      "mobileTelno": "",
      "tourNm": "호남여인숙",
      "adres": "경기도 성남시 수정구 수정남로86번길 6 (신흥동)",
      "업종명": "숙박업(일반)"
    },
    {
      "데이터기준일자": "2018-06-30",
      "mobileTelno": "",
      "tourNm": "수정여인숙",
      "adres": "경기도 성남시 수정구 수정로154번길 7-11 (신흥동)",
      "업종명": "숙박업(일반)"
    },
    {
      "데이터기준일자": "2018-06-30",
      "mobileTelno": "031-757-1409",
      "tourNm": "금호장여인숙",
      "adres": "경기도 성남시 수정구 수정남로86번길 1-1 (신흥동)",
      "업종명": "숙박업(일반)"
    },
    {
      "데이터기준일자": "2018-06-30",
      "mobileTelno": "",
      "tourNm": "대복장",
      "adres": "경기도 성남시 수정구 시민로150번길 17-1 (신흥동)",
      "업종명": "숙박업(일반)"
    },
    {
      "데이터기준일자": "2018-06-30",
      "mobileTelno": "031-751-1892",
      "tourNm": "싸이월드파크",
      "adres": "경기도 성남시 수정구 수정로88번길 12-1 (수진동)",
      "업종명": "숙박업(일반)"
    },
    {
      "데이터기준일자": "2018-06-30",
      "mobileTelno": "031-752-6438",
      "tourNm": "테마파크",
      "adres": "경기도 성남시 수정구 수정로120번길 18-2",
      "업종명": "숙박업(일반)"
    },
    {
      "데이터기준일자": "2018-06-30",
      "mobileTelno": "",
      "tourNm": "골드장",
      "adres": "경기도 성남시 수정구 수정남로20번길 4 (수진동)",
      "업종명": "숙박업(일반)"
    },
    {
      "데이터기준일자": "2018-06-30",
      "mobileTelno": "031-751-1596",
      "tourNm": "한진여인숙",
      "adres": "경기도 성남시 수정구 수정남로50번길 7 (수진동)",
      "업종명": "숙박업(일반)"
    },
    {
      "데이터기준일자": "2018-06-30",
      "mobileTelno": "",
      "tourNm": "경륜여인숙",
      "adres": "경기도 성남시 수정구 수정남로30번길 12-2 (수진동)",
      "업종명": "숙박업(일반)"
    },
    {
      "데이터기준일자": "2018-06-30",
      "mobileTelno": "",
      "tourNm": "창성여인숙",
      "adres": "경기도 성남시 수정구 남문로9번길 1 (태평동)",
      "업종명": "숙박업(일반)"
    },
    {
      "데이터기준일자": "2018-06-30",
      "mobileTelno": "031-756-9172",
      "tourNm": "은성파크",
      "adres": "경기도 성남시 수정구 수정로188번길 11-15 (신흥동)",
      "업종명": "숙박업(일반)"
    },
    {
      "데이터기준일자": "2018-06-30",
      "mobileTelno": "031-751-4739",
      "tourNm": "대동여인숙",
      "adres": "경기도 성남시 수정구 수정남로24번길 4 (수진동)",
      "업종명": "숙박업(일반)"
    },
    {
      "데이터기준일자": "2018-06-30",
      "mobileTelno": "031-753-2207",
      "tourNm": "백마",
      "adres": "경기도 성남시 수정구 수정남로50번길 10 (수진동)",
      "업종명": "숙박업(일반)"
    },
    {
      "데이터기준일자": "2018-06-30",
      "mobileTelno": "031-751-5414",
      "tourNm": "하얀파크",
      "adres": "경기도 성남시 수정구 수정남로54번길 4-1 (수진동)",
      "업종명": "숙박업(일반)"
    },
    {
      "데이터기준일자": "2018-06-30",
      "mobileTelno": "",
      "tourNm": "대경장",
      "adres": "경기도 성남시 수정구 수정남로66번길 4 (수진동)",
      "업종명": "숙박업(일반)"
    },
    {
      "데이터기준일자": "2018-06-30",
      "mobileTelno": "",
      "tourNm": "신신여인숙",
      "adres": "경기도 성남시 수정구 남문로5번길 3 (태평동,1층)",
      "업종명": "숙박업(일반)"
    },
    {
      "데이터기준일자": "2018-06-30",
      "mobileTelno": "",
      "tourNm": "아이파크",
      "adres": "경기도 성남시 수정구 시민로163번길 5-3 (신흥동)",
      "업종명": "숙박업(일반)"
    },
    {
      "데이터기준일자": "2018-06-30",
      "mobileTelno": "031-751-8464",
      "tourNm": "강원여인숙",
      "adres": "경기도 성남시 수정구 수정남로52번길 14-2 (수진동)",
      "업종명": "숙박업(일반)"
    },
    {
      "데이터기준일자": "2018-06-30",
      "mobileTelno": "",
      "tourNm": "바다여인숙",
      "adres": "경기도 성남시 수정구 수정남로18번길 12-1 (수진동)",
      "업종명": "숙박업(일반)"
    },
    {
      "데이터기준일자": "2018-06-30",
      "mobileTelno": "",
      "tourNm": "빙그레여인숙",
      "adres": "경기도 성남시 수정구 수정남로18번길 7 (수진동)",
      "업종명": "숙박업(일반)"
    },
    {
      "데이터기준일자": "2018-06-30",
      "mobileTelno": "",
      "tourNm": "강원여인숙",
      "adres": "경기도 성남시 수정구 수정남로18번길 11 (수진동)",
      "업종명": "숙박업(일반)"
    },
    {
      "데이터기준일자": "2018-06-30",
      "mobileTelno": "031-752-3670",
      "tourNm": "가빈파크",
      "adres": "경기도 성남시 수정구 수정로120번길 22-2, 1층 (수진동)",
      "업종명": "숙박업(일반)"
    },
    {
      "데이터기준일자": "2018-06-30",
      "mobileTelno": "",
      "tourNm": "부성여인숙",
      "adres": "경기도 성남시 수정구 시민로150번길 15, 2층 (신흥동)",
      "업종명": "숙박업(일반)"
    },
    {
      "데이터기준일자": "2018-06-30",
      "mobileTelno": "",
      "tourNm": "평택여인숙",
      "adres": "경기도 성남시 수정구 수정남로68번길 5 (수진동)",
      "업종명": "숙박업(일반)"
    },
    {
      "데이터기준일자": "2018-06-30",
      "mobileTelno": "",
      "tourNm": "장안여인숙",
      "adres": "경기도 성남시 수정구 수정남로44번길 9 (수진동)",
      "업종명": "숙박업(일반)"
    },
    {
      "데이터기준일자": "2018-06-30",
      "mobileTelno": "031-751-7324",
      "tourNm": "둥지파크",
      "adres": "경기도 성남시 수정구 수정남로58번길 4-2 (수진동)",
      "업종명": "숙박업(일반)"
    },
    {
      "데이터기준일자": "2018-06-30",
      "mobileTelno": "031-751-5650",
      "tourNm": "신광파크",
      "adres": "경기도 성남시 수정구 수정남로26번길 4-1 (수진동)",
      "업종명": "숙박업(일반)"
    },
    {
      "데이터기준일자": "2018-06-30",
      "mobileTelno": "",
      "tourNm": "성남장파크",
      "adres": "경기도 성남시 수정구 수정남로144번길 5 (신흥동)",
      "업종명": "숙박업(일반)"
    },
    {
      "데이터기준일자": "2018-06-30",
      "mobileTelno": "031-758-1773",
      "tourNm": "화신장",
      "adres": "경기도 성남시 수정구 수정남로20번길 12 (수진동)",
      "업종명": "숙박업(일반)"
    },
    {
      "데이터기준일자": "2018-06-30",
      "mobileTelno": "031-721-0524",
      "tourNm": "우리파크",
      "adres": "경기도 성남시 수정구 수정남로68번길 6-1 (수진동)",
      "업종명": "숙박업(일반)"
    },
    {
      "데이터기준일자": "2018-06-30",
      "mobileTelno": "031-751-3900",
      "tourNm": "온양여인숙",
      "adres": "경기도 성남시 수정구 수정남로56번길 3 (수진동)",
      "업종명": "숙박업(일반)"
    },
    {
      "데이터기준일자": "2018-06-30",
      "mobileTelno": "",
      "tourNm": "대성여인숙",
      "adres": "경기도 성남시 수정구 시민로163번길 5-5 (신흥동)",
      "업종명": "숙박업(일반)"
    },
    {
      "데이터기준일자": "2018-06-30",
      "mobileTelno": "031-751-5813",
      "tourNm": "국제여인숙",
      "adres": "경기도 성남시 수정구 수정남로66번길 3 (수진동)",
      "업종명": "숙박업(일반)"
    },
    {
      "데이터기준일자": "2018-06-30",
      "mobileTelno": "",
      "tourNm": "대화여인숙",
      "adres": "경기도 성남시 수정구 시민로163번길 3-6 (신흥동)",
      "업종명": "숙박업(일반)"
    },
    {
      "데이터기준일자": "2018-06-30",
      "mobileTelno": "031-721-3947",
      "tourNm": "대전여인숙",
      "adres": "경기도 성남시 수정구 수정남로66번길 5-1 (수진동)",
      "업종명": "숙박업(일반)"
    },
    {
      "데이터기준일자": "2018-06-30",
      "mobileTelno": "",
      "tourNm": "동일여인숙",
      "adres": "경기도 성남시 수정구 탄리로53번길 3-6 (수진동)",
      "업종명": "숙박업(일반)"
    },
    {
      "데이터기준일자": "2018-06-30",
      "mobileTelno": "031-751-7139",
      "tourNm": "부흥여인숙",
      "adres": "경기도 성남시 수정구 남문로21번길 5 (태평동)",
      "업종명": "숙박업(일반)"
    },
    
    {
      "데이터기준일자": "2022-01-01",
      "tourNm": "동아장여관",
      "adres": "경기도 남양주시 퇴계원읍 경춘북로 570 1",
      "업소소재지(지번)": "경기도 남양주시 퇴계원읍 퇴계원리 199 9",
      "연번": 1,
      "mobileTelno": "031-572-9854"
    },
    {
      "데이터기준일자": "2022-01-01",
      "tourNm": "태성여관",
      "adres": "경기도 남양주시 퇴계원읍 경춘북로 561 7",
      "업소소재지(지번)": "경기도 남양주시 퇴계원읍 퇴계원리 229 14",
      "연번": 2,
      "mobileTelno": "031-572-2345"
    },
    {
      "데이터기준일자": "2022-01-01",
      "tourNm": "경기여관",
      "adres": "경기도 남양주시 불암로81번길 24 3 (별내동)",
      "업소소재지(지번)": "경기도 남양주시 별내동 695 5 외1필지",
      "연번": 3,
      "mobileTelno": "031-528-1513"
    },
    {
      "데이터기준일자": "2022-01-01",
      "tourNm": "청자여인숙",
      "adres": null,
      "업소소재지(지번)": "경기도 남양주시 금곡동 419",
      "연번": 4,
      "mobileTelno": "031-592-5227"
    },
    {
      "데이터기준일자": "2022-01-01",
      "tourNm": "서래장여관",
      "adres": "경기도 남양주시 금곡로 29 1 (금곡동)",
      "업소소재지(지번)": "경기도 남양주시 금곡동 404 11",
      "연번": 5,
      "mobileTelno": "031-591-3917"
    },
    {
      "데이터기준일자": "2022-01-01",
      "tourNm": "현대여관",
      "adres": "경기도 남양주시 화도읍 마석중앙로 67 6",
      "업소소재지(지번)": "경기도 남양주시 화도읍 마석우리 292 22",
      "연번": 6,
      "mobileTelno": "031-593-9005"
    },
    {
      "데이터기준일자": "2022-01-01",
      "tourNm": "신정여관",
      "adres": null,
      "업소소재지(지번)": "경기도 남양주시 와부읍 덕소리 462",
      "연번": 7,
      "mobileTelno": "031-577-1901"
    },
    {
      "데이터기준일자": "2022-01-01",
      "tourNm": "천마산모텔",
      "adres": "경기도 남양주시 화도읍 마석중앙로 75",
      "업소소재지(지번)": "경기도 남양주시 화도읍 마석우리 292 4",
      "연번": 8,
      "mobileTelno": "031-594-0301"
    },
    {
      "데이터기준일자": "2022-01-01",
      "tourNm": "에이스여관",
      "adres": "경기도 남양주시 진접읍 장현천로24번길 5",
      "업소소재지(지번)": "경기도 남양주시 진접읍 장현리 351 26",
      "연번": 9,
      "mobileTelno": "031-572-3453"
    },
    {
      "데이터기준일자": "2022-01-01",
      "tourNm": "광산장여관",
      "adres": "경기도 남양주시 진접읍 광릉내로 82",
      "업소소재지(지번)": "경기도 남양주시 진접읍 팔야리 781 1",
      "연번": 10,
      "mobileTelno": "031-527-7079"
    },
    {
      "데이터기준일자": "2022-01-01",
      "tourNm": "송죽여관",
      "adres": null,
      "업소소재지(지번)": "경기도 남양주시 다산동 4114 29",
      "연번": 11,
      "mobileTelno": "031-563-3236"
    },
    {
      "데이터기준일자": "2022-01-01",
      "tourNm": "가이아",
      "adres": null,
      "업소소재지(지번)": "경기도 남양주시 진접읍 장현리 348",
      "연번": 12,
      "mobileTelno": "031-572-5353"
    },
    {
      "데이터기준일자": "2022-01-01",
      "tourNm": "로얄장모텔",
      "adres": "경기도 남양주시 미금로56번길 3 (다산동)",
      "업소소재지(지번)": "경기도 남양주시 다산동 4338 31",
      "연번": 13,
      "mobileTelno": null
    },
    {
      "데이터기준일자": "2022-01-01",
      "tourNm": "프라자모텔",
      "adres": "경기도 남양주시 퇴계원읍 경춘북로 537 (4층)",
      "업소소재지(지번)": "경기도 남양주시 퇴계원읍 퇴계원리 218 56 4층",
      "연번": 14,
      "mobileTelno": "031-572-6877"
    },
    {
      "데이터기준일자": "2022-01-01",
      "tourNm": "그린",
      "adres": "경기도 남양주시 퇴계원읍 경춘북로520번길 21 21",
      "업소소재지(지번)": "경기도 남양주시 퇴계원읍 퇴계원리 215 1",
      "연번": 15,
      "mobileTelno": "031-572-9132"
    },
    {
      "데이터기준일자": "2022-01-01",
      "tourNm": "칼리토모텔",
      "adres": "경기도 남양주시 경춘로 977",
      "업소소재지(지번)": "경기도 남양주시 금곡동 156 16",
      "연번": 16,
      "mobileTelno": "031-592-7140"
    },
    {
      "데이터기준일자": "2022-01-01",
      "tourNm": "호텔에이",
      "adres": "경기도 남양주시 조안면 북한강로 870",
      "업소소재지(지번)": "경기도 남양주시 조안면 삼봉리 258 2",
      "연번": 17,
      "mobileTelno": "031-576-9934"
    },
    {
      "데이터기준일자": "2022-01-01",
      "tourNm": "실버하우스여관",
      "adres": "경기도 남양주시 덕소로 17 2 (삼패동)",
      "업소소재지(지번)": "경기도 남양주시 삼패동 126 4",
      "연번": 18,
      "mobileTelno": "031-577-6654"
    },
    {
      "데이터기준일자": "2022-01-01",
      "tourNm": "신촌여인숙",
      "adres": null,
      "업소소재지(지번)": "경기도 남양주시 진접읍 팔야리 787",
      "연번": 19,
      "mobileTelno": "031-527-7282"
    },
    {
      "데이터기준일자": "2022-01-01",
      "tourNm": "금남장여관",
      "adres": null,
      "업소소재지(지번)": "경기도 남양주시 화도읍 금남리 167 2",
      "연번": 20,
      "mobileTelno": "031-592-0877"
    },
    {
      "데이터기준일자": "2022-01-01",
      "tourNm": "리취모텔(RichMotel)",
      "adres": "경기도 남양주시 진접읍 장현로107번길 1",
      "업소소재지(지번)": "경기도 남양주시 진접읍 장현리 378 1 378 8",
      "연번": 21,
      "mobileTelno": "031-571-6230"
    },
    {
      "데이터기준일자": "2022-01-01",
      "tourNm": "오페라",
      "adres": "경기도 남양주시 화도읍 경춘로 2001",
      "업소소재지(지번)": "경기도 남양주시 화도읍 마석우리 256 2",
      "연번": 22,
      "mobileTelno": "031-593-2737"
    },
    {
      "데이터기준일자": "2022-01-01",
      "tourNm": "모아모텔",
      "adres": "경기도 남양주시 퇴계원읍 퇴계원로36번길 3 2~3층",
      "업소소재지(지번)": "경기도 남양주시 퇴계원읍 퇴계원리 292 18",
      "연번": 23,
      "mobileTelno": "031-571-1534"
    },
    {
      "데이터기준일자": "2022-01-01",
      "tourNm": "산정여관",
      "adres": "경기도 남양주시 진접읍 내각1로 109",
      "업소소재지(지번)": "경기도 남양주시 진접읍 내각리 261 1",
      "연번": 24,
      "mobileTelno": "031-572-9722"
    },
    {
      "데이터기준일자": "2022-01-01",
      "tourNm": "레인보우호텔",
      "adres": "경기도 남양주시 화도읍 경춘로2515번길 10 1",
      "업소소재지(지번)": "경기도 남양주시 화도읍 구암리 392 5",
      "연번": 25,
      "mobileTelno": "031-592-0131"
    },
    {
      "데이터기준일자": "2022-01-01",
      "tourNm": "대일장여관",
      "adres": null,
      "업소소재지(지번)": "경기도 남양주시 퇴계원읍 퇴계원리 298 11",
      "연번": 26,
      "mobileTelno": "031-571-6230"
    },
    {
      "데이터기준일자": "2022-01-01",
      "tourNm": "천우장여관",
      "adres": "경기도 남양주시 홍유릉로 345 (금곡동)",
      "업소소재지(지번)": "경기도 남양주시 금곡동 680 1",
      "연번": 27,
      "mobileTelno": "031-5920-641"
    },
    {
      "데이터기준일자": "2022-01-01",
      "tourNm": "로얄파크텔",
      "adres": "경기도 남양주시 진접읍 광릉내로 7",
      "업소소재지(지번)": "경기도 남양주시 진접읍 부평리 625 1",
      "연번": 28,
      "mobileTelno": "031-527-4698"
    },
    {
      "데이터기준일자": "2022-01-01",
      "tourNm": "알프스산장여관",
      "adres": "경기도 남양주시 화도읍 경춘로 1993",
      "업소소재지(지번)": "경기도 남양주시 화도읍 마석우리 275 4",
      "연번": 29,
      "mobileTelno": "031-593-6503"
    },
    {
      "데이터기준일자": "2022-01-01",
      "tourNm": "하이마트",
      "adres": "경기도 남양주시 화도읍 북한강로 1312",
      "업소소재지(지번)": "경기도 남양주시 화도읍 금남리 618 8",
      "연번": 30,
      "mobileTelno": "031-591-2202"
    },
    {
      "데이터기준일자": "2022-01-01",
      "tourNm": "사능모텔",
      "adres": "경기도 남양주시 진건읍 진건오남로 58 7",
      "업소소재지(지번)": "경기도 남양주시 진건읍 용정리 794 17",
      "연번": 31,
      "mobileTelno": "031-573-8146"
    },
    {
      "데이터기준일자": "2022-01-01",
      "tourNm": "힐사이드모텔",
      "adres": "경기도 남양주시 와부읍 덕소로 252",
      "업소소재지(지번)": "경기도 남양주시 와부읍 도곡리 1040 6",
      "연번": 32,
      "mobileTelno": "031-591-4020"
    },
    {
      "데이터기준일자": "2022-01-01",
      "tourNm": "북한강호텔",
      "adres": "경기도 남양주시 화도읍 북한강로 1146 3 4 5층",
      "업소소재지(지번)": "경기도 남양주시 화도읍 금남리 671 3 4 5층",
      "연번": 33,
      "mobileTelno": null
    },
    {
      "데이터기준일자": "2022-01-01",
      "tourNm": "천마산장호텔",
      "adres": "경기도 남양주시 화도읍 먹갓로 78",
      "업소소재지(지번)": "경기도 남양주시 화도읍 묵현리 508",
      "연번": 34,
      "mobileTelno": "031-593-9456"
    },
    {
      "데이터기준일자": "2022-01-01",
      "tourNm": "모텔로즈",
      "adres": "경기도 남양주시 와부읍 덕소로 116",
      "업소소재지(지번)": "경기도 남양주시 와부읍 덕소리 540 5",
      "연번": 35,
      "mobileTelno": "031-577-8756"
    },
    {
      "데이터기준일자": "2022-01-01",
      "tourNm": "넘버25 호텔 남양주 별내점",
      "adres": "경기도 남양주시 별내면 청학로92번길 137",
      "업소소재지(지번)": "경기도 남양주시 별내면 청학리 494 8",
      "연번": 36,
      "mobileTelno": "031-841-5947"
    },
    {
      "데이터기준일자": "2022-01-01",
      "tourNm": "그린힐모텔",
      "adres": "경기도 남양주시 경춘로1229번길 10 36 (평내동)",
      "업소소재지(지번)": "경기도 남양주시 평내동 441 52",
      "연번": 37,
      "mobileTelno": "031-591-0831"
    },
    {
      "데이터기준일자": "2022-01-01",
      "tourNm": "이(e)",
      "adres": "경기도 남양주시 화도읍 묵현로 7",
      "업소소재지(지번)": "경기도 남양주시 화도읍 묵현리 289 3",
      "연번": 38,
      "mobileTelno": "031-593-1572"
    },
    {
      "데이터기준일자": "2022-01-01",
      "tourNm": "밀모텔",
      "adres": "경기도 남양주시 별내면 청학로92번길 11",
      "업소소재지(지번)": "경기도 남양주시 별내면 청학리 453 4",
      "연번": 39,
      "mobileTelno": "031-841-4993"
    },
    {
      "데이터기준일자": "2022-01-01",
      "tourNm": "한라장여관",
      "adres": "경기도 남양주시 진접읍 내각1로 78 2",
      "업소소재지(지번)": "경기도 남양주시 진접읍 내각리 324 17",
      "연번": 40,
      "mobileTelno": "031-571-5117"
    },
    {
      "데이터기준일자": "2022-01-01",
      "tourNm": "에메랄드모텔",
      "adres": "경기도 남양주시 화도읍 북한강로 1465",
      "업소소재지(지번)": "경기도 남양주시 화도읍 금남리 410 8",
      "연번": 41,
      "mobileTelno": "031-591-2017"
    },
    {
      "데이터기준일자": "2022-01-01",
      "tourNm": "디어게인호텔",
      "adres": "경기도 남양주시 화도읍 북한강로 1436",
      "업소소재지(지번)": "경기도 남양주시 화도읍 금남리 444 9",
      "연번": 42,
      "mobileTelno": "031-591-0002"
    },
    {
      "데이터기준일자": "2022-01-01",
      "tourNm": "유니온호텔",
      "adres": null,
      "업소소재지(지번)": "경기도 남양주시 화도읍 구암리 61 6",
      "연번": 43,
      "mobileTelno": "031-592-2233"
    },
    {
      "데이터기준일자": "2022-01-01",
      "tourNm": "크라운호텔",
      "adres": "경기도 남양주시 화도읍 경춘로 2006",
      "업소소재지(지번)": "경기도 남양주시 화도읍 마석우리 253 3",
      "연번": 44,
      "mobileTelno": "031-593-2104"
    },
    {
      "데이터기준일자": "2022-01-01",
      "tourNm": "에스엠장",
      "adres": "경기도 남양주시 화도읍 북한강로 1120",
      "업소소재지(지번)": "경기도 남양주시 화도읍 금남리 701",
      "연번": 45,
      "mobileTelno": "031-592-3077"
    },
    {
      "데이터기준일자": "2022-01-01",
      "tourNm": "용정장여관",
      "adres": "경기도 남양주시 진건읍 진건오남로 58 4",
      "업소소재지(지번)": "경기도 남양주시 진건읍 용정리 794 30",
      "연번": 46,
      "mobileTelno": "031-563-1013"
    },
    {
      "데이터기준일자": "2022-01-01",
      "tourNm": "컨트리산장여관",
      "adres": "경기도 남양주시 화도읍 북한강로 1525 32",
      "업소소재지(지번)": "경기도 남양주시 화도읍 금남리 248 2",
      "연번": 47,
      "mobileTelno": "031-591-1521"
    },
    {
      "데이터기준일자": "2022-01-01",
      "tourNm": "호텔나인스톤",
      "adres": "경기도 남양주시 화도읍 경춘로 2483 1",
      "업소소재지(지번)": "경기도 남양주시 화도읍 구암리 470",
      "연번": 48,
      "mobileTelno": "031-591-4020"
    },
    {
      "데이터기준일자": "2022-01-01",
      "tourNm": "제니스",
      "adres": "경기도 남양주시 화도읍 북한강로 1417 1",
      "업소소재지(지번)": "경기도 남양주시 화도읍 금남리 463 외1필지",
      "연번": 49,
      "mobileTelno": "031-592-4701"
    },
    {
      "데이터기준일자": "2022-01-01",
      "tourNm": "넘버25호텔 남양주북한강점",
      "adres": "경기도 남양주시 화도읍 북한강로 1441 12",
      "업소소재지(지번)": "경기도 남양주시 화도읍 금남리 440 2",
      "연번": 50,
      "mobileTelno": "031-591-2287"
    },
    
    {
      "tourNm": "서울장여관",
      "adres": "경기도 연천군 청산면 청창로 718-2",
      "소재지(지번)": "경기도 연천군 청산면 백의리 34번지   ",
      "mobileTelno": "031-835-2459"
    },
    {
      "tourNm": "궁전여인숙",
      "adres": "",
      "소재지(지번)": "경기도 연천군 전곡읍 전곡리 6번지   ",
      "mobileTelno": "031-832-6208"
    },
    {
      "tourNm": "종로여인숙",
      "adres": "",
      "소재지(지번)": "경기도 연천군 전곡읍 전곡리 1번지   ",
      "mobileTelno": "031-832-2442"
    },
    {
      "tourNm": "77여인숙",
      "adres": "",
      "소재지(지번)": "경기도 연천군 청산면 백의리 17번지 16호   ",
      "mobileTelno": "031-835-3429"
    },
    {
      "tourNm": "희선장여관",
      "adres": "경기도 연천군 전곡읍 전곡로 138-8",
      "소재지(지번)": "경기도 연천군 전곡읍 전곡리 334번지 4호   ",
      "mobileTelno": "031-832-2140"
    },
    {
      "tourNm": "염성여관",
      "adres": "",
      "소재지(지번)": "경기도 연천군 청산면 초성리 214번지 1호   ",
      "mobileTelno": "031-832-4057"
    },
    {
      "tourNm": "에덴장여관",
      "adres": "경기도 연천군 연천읍 연천로 264",
      "소재지(지번)": "경기도 연천군 연천읍 차탄리 60번지 3호   ",
      "mobileTelno": "031-834-9797"
    },
    {
      "tourNm": "88여인숙",
      "adres": "경기도 연천군 전곡읍 온골로44번길 7-14",
      "소재지(지번)": "경기도 연천군 전곡읍 전곡리 2번지   ",
      "mobileTelno": "031-832-2587"
    },
    {
      "tourNm": "옥류장여관",
      "adres": "경기도 연천군 청산면 백의로13번길 13-21",
      "소재지(지번)": "경기도 연천군 청산면 백의리 12번지 14호   ",
      "mobileTelno": "031-835-3203"
    },
    {
      "tourNm": "신라여관",
      "adres": "경기도 연천군 연천읍 연천로 268-12",
      "소재지(지번)": "경기도 연천군 연천읍 차탄리 56번지 8호   ",
      "mobileTelno": "031-834-0059"
    },
    {
      "tourNm": "고려여관",
      "adres": "경기도 연천군 연천읍 연천역로 14-1",
      "소재지(지번)": "경기도 연천군 연천읍 차탄리 1번지 9호   ",
      "mobileTelno": "031-834-0637"
    },
    {
      "tourNm": "보문여관",
      "adres": "경기도 연천군 연천읍 연신로494번길 16",
      "소재지(지번)": "경기도 연천군 연천읍 상리 1번지   ",
      "mobileTelno": "031-834-0474"
    },
    {
      "tourNm": "서울장여관",
      "adres": "경기도 연천군 전곡읍 전곡로 141-1",
      "소재지(지번)": "경기도 연천군 전곡읍 전곡리 469번지 34호   ",
      "mobileTelno": "031-832-0357"
    },
    {
      "tourNm": "스카이 모텔",
      "adres": "경기도 연천군 전곡읍 은전로86번길 28",
      "소재지(지번)": "경기도 연천군 전곡읍 전곡리 333번지 149호   ",
      "mobileTelno": "031-833-4111"
    },
    {
      "tourNm": "유창장여관",
      "adres": "경기도 연천군 전곡읍 전곡로 185",
      "소재지(지번)": "경기도 연천군 전곡읍 은대리 564번지 2호   ",
      "mobileTelno": "031-832-2030"
    },
    {
      "tourNm": "궁전장여관",
      "adres": "경기도 연천군 전곡읍 은전로86번길 83-10",
      "소재지(지번)": "경기도 연천군 전곡읍 전곡리 333번지 376호   ",
      "mobileTelno": "031-832-5916"
    },
    {
      "tourNm": "꿀잠",
      "adres": "경기도 연천군 전곡읍 전곡로 104-1",
      "소재지(지번)": "경기도 연천군 전곡읍 전곡리 315번지 19호   ",
      "mobileTelno": "031-832-7399"
    },
    {
      "tourNm": "월성여관",
      "adres": "경기도 연천군 신서면 연신로 1148-1",
      "소재지(지번)": "경기도 연천군 신서면 도신리 258번지 43호   ",
      "mobileTelno": "031-834-9372"
    },
    {
      "tourNm": "산유화여관",
      "adres": "경기도 연천군 전곡읍 은전로85번길 27",
      "소재지(지번)": "경기도 연천군 전곡읍 전곡리 456번지 23호   ",
      "mobileTelno": "031-832-5225"
    },
    {
      "tourNm": "강변여인숙",
      "adres": "경기도 연천군 군남면 군남로 128",
      "소재지(지번)": "경기도 연천군 군남면 진상리 663번지 3호   ",
      "mobileTelno": "031-835-8296"
    },
    {
      "tourNm": "롯데장여관",
      "adres": "경기도 연천군 전곡읍 은전로86번길 47",
      "소재지(지번)": "경기도 연천군 전곡읍 전곡리 333번지 251호   ",
      "mobileTelno": "031-835-0777"
    },
    {
      "tourNm": "초성모텔",
      "adres": "경기도 연천군 청산면 청신로 97",
      "소재지(지번)": "경기도 연천군 청산면 초성리 448번지   ",
      "mobileTelno": "031-835-2610"
    },
    {
      "tourNm": "한성여관",
      "adres": "경기도 연천군 연천읍 연천로 268-9",
      "소재지(지번)": "경기도 연천군 연천읍 차탄리 1번지   ",
      "mobileTelno": "031-834-0269"
    },
    {
      "tourNm": "은하여관",
      "adres": "경기도 연천군 청산면 청창로 723-1",
      "소재지(지번)": "경기도 연천군 청산면 백의리 59번지  59-9,59-21 ",
      "mobileTelno": "031-835-3377"
    },
    {
      "tourNm": "임진여인숙",
      "adres": "경기도 연천군 군남면 군남로 119-3",
      "소재지(지번)": "경기도 연천군 군남면 진상리 624번지 8호   ",
      "mobileTelno": "031-835-8307"
    },
    {
      "tourNm": "풍천여관",
      "adres": "경기도 연천군 군남면 진은로606번길 110",
      "소재지(지번)": "경기도 연천군 군남면 황지리 37번지 1호   ",
      "mobileTelno": "031-835-3300"
    },
    {
      "tourNm": "금강장여관",
      "adres": "경기도 연천군 전곡읍 온골로 36",
      "소재지(지번)": "경기도 연천군 전곡읍 전곡리 305번지  305-9,18,304-6 ",
      "mobileTelno": "031-832-2313"
    },
    {
      "tourNm": "공주여인숙",
      "adres": "경기도 연천군 연천읍 현문로 20",
      "소재지(지번)": "경기도 연천군 연천읍 통현리 254번지 8호   ",
      "mobileTelno": "031-834-1675"
    },
    {
      "tourNm": "뮤모텔",
      "adres": "경기도 연천군 전곡읍 전곡로 101",
      "소재지(지번)": "경기도 연천군 전곡읍 전곡리 266번지 71호   ",
      "mobileTelno": "031-832-1874"
    },
    {
      "tourNm": "샬레장여관",
      "adres": "경기도 연천군 신서면 도대로11번길 62",
      "소재지(지번)": "경기도 연천군 신서면 도신리 298번지 10호   ",
      "mobileTelno": "031-834-8042"
    },
    {
      "tourNm": "서울파크",
      "adres": "경기도 연천군 신서면 도대로11번길 58",
      "소재지(지번)": "경기도 연천군 신서면 도신리 298번지 5호   ",
      "mobileTelno": "031-834-8055"
    },
    {
      "tourNm": "씨엘모텔",
      "adres": "경기도 연천군 전곡읍 선사로 185",
      "소재지(지번)": "경기도 연천군 전곡읍 전곡리 108번지 11호   ",
      "mobileTelno": "031-835-2033"
    },
    {
      "tourNm": "한탄강모텔",
      "adres": "경기도 연천군 전곡읍 선사로 185-6",
      "소재지(지번)": "경기도 연천군 전곡읍 전곡리 108번지 3호   ",
      "mobileTelno": "031-832-7330"
    },
    {
      "tourNm": "인강파크",
      "adres": "경기도 연천군 전곡읍 선사로 85",
      "소재지(지번)": "경기도 연천군 전곡읍 전곡리 639번지 1호   ",
      "mobileTelno": "031-832-7717"
    },
    {
      "tourNm": "동해파크",
      "adres": "경기도 연천군 전곡읍 전곡로164번길 23",
      "소재지(지번)": "경기도 연천군 전곡읍 전곡리 333번지 7호   ",
      "mobileTelno": "031-832-2147"
    },
    {
      "tourNm": "휘닉스파크",
      "adres": "경기도 연천군 전곡읍 선사로286번길 10",
      "소재지(지번)": "경기도 연천군 전곡읍 전곡리 60번지 2호   ",
      "mobileTelno": "031-832-6865"
    },
    {
      "tourNm": "여기서자자",
      "adres": "경기도 연천군 전곡읍 은전로86번길 46-14",
      "소재지(지번)": "경기도 연천군 전곡읍 전곡리 333번지 188호   ",
      "mobileTelno": "031-832-9321"
    },
    {
      "tourNm": "맨하탄모텔",
      "adres": "경기도 연천군 전곡읍 평화로 491",
      "소재지(지번)": "경기도 연천군 전곡읍 전곡리 85번지 33호   ",
      "mobileTelno": "031-832-3018"
    },
    {
      "tourNm": "홀인원모텔",
      "adres": "경기도 연천군 전곡읍 선사로 183-3",
      "소재지(지번)": "경기도 연천군 전곡읍 전곡리 108번지 7호   ",
      "mobileTelno": "031-832-5437"
    },
    {
      "tourNm": "레이크모텔",
      "adres": "경기도 연천군 미산면 청정로 695",
      "소재지(지번)": "경기도 연천군 미산면 아미리 790번지 6호   ",
      "mobileTelno": "031-835-0062"
    },
    {
      "tourNm": "동막골 펜션",
      "adres": "경기도 연천군 신서면 동내로 1337",
      "소재지(지번)": "경기도 연천군 신서면 내산리 149번지 3호   ",
      "mobileTelno": "031-834-7388"
    },
    {
      "tourNm": "N 모텔",
      "adres": "경기도 연천군 전곡읍 은전로85번길 6",
      "소재지(지번)": "경기도 연천군 전곡읍 전곡리 454번지 9호   ",
      "mobileTelno": "031-832-9277"
    },
    {
      "tourNm": "아비숑모텔",
      "adres": "경기도 연천군 전곡읍 은전로86번길 80",
      "소재지(지번)": "경기도 연천군 전곡읍 전곡리 333번지 201호   ",
      "mobileTelno": "031-832-6670"
    },
    {
      "tourNm": "임진강 모텔",
      "adres": "경기도 연천군 군남면 청정로 2162",
      "소재지(지번)": "경기도 연천군 군남면 황지리 646번지 2호   ",
      "mobileTelno": "031-835-9070"
    },
    {
      "tourNm": "투",
      "adres": "경기도 연천군 청산면 전영로 246",
      "소재지(지번)": "경기도 연천군 청산면 장탄리 102번지 1호   ",
      "mobileTelno": "031-832-4318"
    },
    {
      "tourNm": "아침하늘",
      "adres": "경기도 연천군 전곡읍 선사로 183",
      "소재지(지번)": "경기도 연천군 전곡읍 전곡리 108번지 12호   ",
      "mobileTelno": "031-832-8322"
    },
    {
      "tourNm": "굿모닝 모텔",
      "adres": "경기도 연천군 전곡읍 온골로53번길 6",
      "소재지(지번)": "경기도 연천군 전곡읍 전곡리 477번지 10호   ",
      "mobileTelno": "031-832-6535"
    },
    {
      "tourNm": "리버사이드모텔",
      "adres": "경기도 연천군 청산면 청연로 246",
      "소재지(지번)": "경기도 연천군 청산면 궁평리 562-2번지   ",
      "mobileTelno": "031-835-6463"
    },
    {
      "tourNm": "조선왕가",
      "adres": "경기도 연천군 연천읍 현문로 339-11",
      "소재지(지번)": "경기도 연천군 연천읍 고문리 419번지   ",
      "mobileTelno": "031-834-8383"
    },
    {
      "tourNm": "대원장",
      "adres": "경기도 연천군 전곡읍 전곡로167번길 9",
      "소재지(지번)": "경기도 연천군 전곡읍 전곡리 483번지 7호   ",
      "mobileTelno": "031-832-2280"
    },
    
    {
      "tourNm": "파비아 관광호텔",
      "adres": "경기도 부천시 부일로 510 (심곡동, 파비아관광호텔)",
      "mobileTelno": "032-614-7500"
    },
    {
      "tourNm": "테마파크관광호텔",
      "adres": "경기도 부천시 길주로 69 (상동, 테마파크관광호텔)",
      "mobileTelno": "032-329-1100"
    },
    {
      "tourNm": "제니스관광호텔",
      "adres": "경기도 부천시 길주로77번길 19-22 (상동)",
      "mobileTelno": "032-329-3333"
    },
    {
      "tourNm": "부천호텔",
      "adres": "경기도 부천시 길주로 131 (상동)",
      "mobileTelno": "032-326-8181"
    },
    {
      "tourNm": "(주)폴라리스관광호텔",
      "adres": "경기도 부천시 소향로13번길 27 (상동, (주)폴라리스관광호텔)",
      "mobileTelno": "032-323-1500"
    },
    {
      "tourNm": "유한회사 고려",
      "adres": "경기도 부천시 길주로 66 (상동)",
      "mobileTelno": "032-329-0001"
    },
    {
      "tourNm": "에스호텔",
      "adres": "경기도 원미로17번길 28(심곡동)",
      "mobileTelno": null
    }
    
  ],
  "matchCount": 109,
  "page": 1,
  "perPage": 50,
  "totalCount": 109
}