<?xml version="1.0" encoding="UTF-8"?>
<!DOCTYPE mapper
  PUBLIC "-//mybatis.org//DTD Mapper 3.0//EN"
  "http://mybatis.org/dtd/mybatis-3-mapper.dtd">
<mapper namespace="com.telco.bnb.mapper.AreaMapper">

	<!-- 지역 DB에 등록 -->
	<insert id="area_register">



		INSERT INTO area( num
		, address
		, category_name1
		, data_content
		, category_name2
		, telno
		, title
		, roominfo
		, img )
		VALUES(
		nextval(area_seq)
		, #{address}
		, #{category_name1}
		, #{data_content}
		, #{category_name2}
		, #{telno}
		, #{title}
		, #{roominfo}
		, #{img} )
	</insert>


	<!-- 지역 DB 쓰기 전 비우기 -->
	<delete id="area_delete">
		delete from area;
	</delete>


	<!-- 지역 DB에 레코드가 남아 있는지 확인 -->
	<select id="area_select" resultType="int">
		select count(*) from area where ;
	</select>

	<!-- 시퀀스 생성 -->
	<insert id="area_seq">
		create sequence area_seq start with 1 increment by 1 maxvalue 999999 cycle;
	</insert>

	<!-- 시퀀스 삭제 -->
	<delete id="seq_drop">
		DROP SEQUENCE area_seq;
	</delete>

	<select id="listCriteria" resultType="area"> 
		SELECT * FROM area 
		WHERE num > 0 ORDER BY num DESC
		LIMIT #{pageStart}, #{perPageNum}
	</select>


</mapper>