<?xml version="1.0" encoding="UTF-8"?>
<!DOCTYPE mapper
  PUBLIC "-//mybatis.org//DTD Mapper 3.0//EN"
  "http://mybatis.org/dtd/mybatis-3-mapper.dtd">
<mapper namespace="com.telco.bnb.mapper.UserMapper">
	<!-- 회원가입 -->
	<insert id="register">
	    INSERT INTO user(   id 
	   					       , pwd 
	   					       , name
	   					       , email
	   					       , tel
	   					       , birth 	)
	                  VALUES(    #{id} 
	                 		   , #{pwd}
	                 		   , #{name}
	                 		   , #{email}
	                 		   , #{tel}
	                 		   , #{birth} )
    </insert>
   
    <!-- 아이디 중복 검사 -->
	<select id="idChk" resultType="int">
		select
			count(*)
		from
			user
		where
			id = #{id}
	</select>   
    
    <!-- 로그인 -->
    <select id="getUser" resultType="user" >
    	SELECT id 
	   			, pwd 
	   			FROM user WHERE id = #{id}
    							AND pwd = #{pwd}
    </select>
   
    <!-- 암호화된 비밀번호 가져오기 -->
    <select id="getIdPwd" resultType="user" >
    	SELECT pwd
	   			FROM user WHERE id = #{id}
    							
    </select>
   
    <!-- 비밀번호 확인 -->
    <select id="getPwd" resultType="user" >
    	SELECT id 
	   			, pwd 
	   			, name
	   			, email
	   			, tl
	   			, birteh FROM user WHERE ID = #{id}
    							AND PWD = #{pwd}
    </select>
    
    <!-- 아이디 찾기 -->
    <select id="findId" resultType="user">
		select * from user where name=#{name} and tel=#{tel}
	</select>
	
	<!-- 비밀번호 찾기 -->
	<select id="findPwd" resultType="user">
		select * from user where id=#{id} and name=#{name} and tel=#{tel}
	</select>
	
	<!-- 비밀번호 변경 -->
	<update id="updatePw" >
		update user set PWD = #{pwd} where id = #{id}
	</update>
	
	<!-- 이메일 중복 검사 -->
	<select id="emailChk" resultType="int">
		select
			count(*)
		from
			user
		where
			email = #{email}
	</select> 
	
	<!-- 연락처 중복 검사 -->
	<select id="telChk" resultType="int">
		select
			count(*)
		from
			user
		where
			tel = #{tel}
	</select> 
	
	<!-- 마이페이지 정보 가져오기 -->
	<select id="mypage" resultType="user">
		select * from user where id=#{id} and pwd=#{pwd}
	</select>
	
	<!-- 마이페이지 회원 탈퇴 -->
	<delete id="mypageDelete">
		delete from user where id=#{id}
	</delete>
	
	<!-- 마이페이지 회원 정보 변경 -->
	<update id="mypageUpdate">
		update user
		set
			pwd = #{pwd},
			name = #{name},
			email = #{email},
			tel = #{tel},
			birth = #{birth}
		where 
			id = #{id}
	</update>
	
	
	<!-- 결제를 위한 사용자 정보 가져오기 -->
	<select id="pay" resultType="user">
		select * from user where id=#{id}	
	</select>
</mapper>